,name,txt,compound,pos,neu,neg,timestamp
299,CNN Breaking News,"RT @CNNPolitics: Former Attorney General Loretta Lynch defends her handling of the Clinton email investigation, saying in a statement that‚Ä¶",0.0,0.0,1.0,0.0,2018-04-16 01:36:32
298,CNN Breaking News,"A 56-year-old Minnesota grandmother is wanted in connection to the murder of her husband and a Florida woman, whose‚Ä¶ https://t.co/qNcORX5oNB",-0.6908,0.0,0.783,0.217,2018-04-17 14:04:12
297,CNN Breaking News,RT @CNNMoney: Martin Shkreli transferred to prison in New Jersey https://t.co/lbAI4RmPCn https://t.co/h0Ma3ouWAK,-0.5106,0.0,0.769,0.231,2018-04-18 17:51:07
296,CNN Breaking News,Fired FBI director James Comey sits down for an interview with Jake Tapper as his public war of words with Presiden‚Ä¶ https://t.co/QTqW3zhArR,-0.8176,0.0,0.727,0.273,2018-04-19 20:00:03
295,CNN Breaking News,"The CDC says not to eat romaine lettuce in any form unless you can be sure it didn't come from the Yuma, Arizona, a‚Ä¶ https://t.co/FF2Ks2RmXl",0.3182,0.087,0.913,0.0,2018-04-20 22:09:55
294,CNN Breaking News,"Sen. Bob Corker on Russia: ""Our relations are at that low point, the lowest since the Cuban Missile Crisis ‚Ä¶ We sho‚Ä¶ https://t.co/MtOxdyJtR4",-0.8316,0.0,0.683,0.317,2018-04-22 13:34:53
293,CNN Breaking News,"It appears that the van crashing into pedestrians in Toronto was done deliberately, an official says‚Ä¶ https://t.co/NbFdtHBvfZ",0.0,0.0,1.0,0.0,2018-04-23 20:12:41
292,CNN Breaking News,"At least 19 people were killed after gunmen opened fire at a church in Nigeria, police say https://t.co/wFawd9XTYZ https://t.co/6s166tAYNi",-0.7845,0.0,0.699,0.301,2018-04-24 21:56:21
291,CNN Breaking News,"Former FBI Director James Comey on President Donald Trump: ""I don't believe he's morally fit to be President of the‚Ä¶ https://t.co/CXE3MxAoC6",0.3612,0.111,0.889,0.0,2018-04-26 00:15:00
290,CNN Breaking News,"Formal end to Korean War will be declared later this year, 65 years after hostilities ceased, North and South Korea‚Ä¶ https://t.co/imVDa6oJmd",-0.7906,0.0,0.731,0.269,2018-04-27 09:07:57
289,CNN Breaking News,Thousands protest in Spain after five men were cleared of gang rape of an 18-year-old woman. They were convicted of‚Ä¶ https://t.co/kf1c5WD5WW,-0.743,0.054,0.69,0.257,2018-04-28 19:13:26
288,CNN Breaking News,"President Trump is expected to speak at the National Rifle Association's annual meeting later this week in Dallas,‚Ä¶ https://t.co/BpqbdrsEFx",0.0,0.0,1.0,0.0,2018-04-30 00:27:52
287,CNN Breaking News,Vatican treasurer Cardinal George Pell to face trial for alleged historical sexual abuse in case that has shaken Ca‚Ä¶ https://t.co/5Ioy85zYjp,-0.6124,0.062,0.708,0.229,2018-05-01 00:45:01
286,CNN Breaking News,Follow live: President Trump participates in the swearing-in ceremony of Secretary of State Mike Pompeo‚Ä¶ https://t.co/rICCZnB0Sb,0.0,0.0,1.0,0.0,2018-05-02 15:17:55
285,CNN Breaking News,Trump lawyer Rudy Giuliani says three Americans held in a North Korean prison are set to be released today‚Ä¶ https://t.co/caikf4bXuN,-0.5106,0.0,0.845,0.155,2018-05-03 12:21:38
284,CNN Breaking News,"President Trump defends his new lawyer Rudy Giuliani, says he ""will get his facts straight"" after statements on por‚Ä¶ https://t.co/fgTFSafDS3",0.2263,0.091,0.909,0.0,2018-05-04 14:26:28
283,CNN Breaking News,"A 16-year-old girl in India was allegedly kidnapped and gang-raped, then later burned to death after her parents co‚Ä¶ https://t.co/Unl5gUTfMB",-0.5994,0.0,0.822,0.178,2018-05-05 21:14:56
282,CNN Breaking News,"More people say the US is doing better, a new CNN poll says, and Trump's rating for handling several key issues is‚Ä¶ https://t.co/YkYF1BcYsP",0.4404,0.121,0.879,0.0,2018-05-07 20:06:37
281,CNN Breaking News,"Gina Haspel told a story at her Senate confirmation hearing of her first meeting with an agent on a ""dark, moonless‚Ä¶ https://t.co/JwBbixO72k",0.0,0.0,1.0,0.0,2018-05-09 14:36:51
280,CNN Breaking News,The suspected Golden State Killer has been charged with four more counts of first-degree murder‚Ä¶ https://t.co/jNf0XC90Hy,-0.7906,0.0,0.619,0.381,2018-05-10 22:21:48
279,CNN Breaking News,"At least two people were killed in explosions at three churches in Indonesia, a police official says‚Ä¶ https://t.co/tFpESXcC0S",-0.6705,0.0,0.78,0.22,2018-05-13 02:14:55
278,CNN Breaking News,White House briefing with deputy press secretary Raj Shah. Watch CNN https://t.co/cDhamI1PRt https://t.co/dOwLEfQf7K,0.0,0.0,1.0,0.0,2018-05-14 18:19:30
277,CNN Breaking News,"Manhattan will stop prosecuting most low-level marijuana cases starting August 1, DA says https://t.co/xJKaApe9JC https://t.co/8HnMenMR2x",-0.296,0.0,0.864,0.136,2018-05-15 23:53:29
276,CNN Breaking News,"For the first time in the organization's history, Miss America will be led entirely by women -- and they're all for‚Ä¶ https://t.co/nf0rse0klF",-0.1531,0.0,0.929,0.071,2018-05-17 18:00:25
275,CNN Breaking News,"Possible explosive devices found at scene of Texas school shooting and off campus, Santa Fe Independent School Dist‚Ä¶ https://t.co/mEyGQNnANd",0.0,0.0,1.0,0.0,2018-05-18 16:36:18
274,CNN Breaking News,Melania Trump returns home to the White House after undergoing a kidney procedure at Walter Reed medical center on‚Ä¶ https://t.co/KBs860QYfE,0.0,0.0,1.0,0.0,2018-05-19 14:42:25
99,BBC,"RT @BBCScotland: ""I hid it for quite a while""

Actor @GavsterNo1 talks about living with depression. https://t.co/v0TYxzuH03",-0.6249,0.0,0.733,0.267,2018-05-20 19:55:04
273,CNN Breaking News,RT @CNNPolitics: Gina Haspel is sworn-in as the new CIA director. She is the first female director to lead the agency https://t.co/eGiz87DW‚Ä¶,0.0,0.0,1.0,0.0,2018-05-21 15:09:22
98,BBC,RT @bbccomedy: It's 14 years since The Mighty Boosh graced our telly screens and 45 years today since @noelfielding11 graced our planet! No‚Ä¶,0.4753,0.163,0.837,0.0,2018-05-21 15:53:36
97,BBC,üöóü§î Should philosophers be teaching driverless cars ethics?  https://t.co/cJtDesmqUA,0.0,0.0,1.0,0.0,2018-05-23 07:00:15
272,CNN Breaking News,RT @CNNMoney: Dow opens 130 points lower. Investors are concerned that the US will not reach a satisfactory trade deal with China. Investor‚Ä¶,-0.5242,0.0,0.779,0.221,2018-05-23 13:41:41
96,BBC,"RT @bbcwritersroom: üòÇ Blackadder, Del Boy, Hyacinth Bucket, David Brent, Basil Fawlty - what quality do our favourite #comedy characters al‚Ä¶",0.4404,0.137,0.794,0.069,2018-05-24 10:09:05
271,CNN Breaking News,"Morgan Freeman responds to a CNN report on alleged inappropriate behavior, says he would not intentionally make any‚Ä¶ https://t.co/i4wNNco2RS",0.4019,0.137,0.863,0.0,2018-05-24 18:15:07
95,BBC,"RT @bbcthree: In one sentence describe how being in debt has made you feel, and you might be included in a story we‚Äôre working on for #Debt‚Ä¶",-0.296,0.047,0.863,0.09,2018-05-25 13:43:35
270,CNN Breaking News,President Trump says talks continue and he remains open to holding a summit with North Korea's Kim Jong Un on June‚Ä¶ https://t.co/tU1vIAbqSk,0.0,0.0,1.0,0.0,2018-05-25 14:07:22
94,BBC,"üé∂#BiggestWeekend has kicked-off in Swansea with an @EdSheeran singalong! üîäüè∞

Watch now on @BBCiplayer:‚Ä¶ https://t.co/i2d9TfxniC",0.0,0.0,1.0,0.0,2018-05-26 11:48:40
93,BBC,"An egg a day to keep the doctor away? üç≥ üìà‚ù§Ô∏èÔ∏è

A study of nearly half a million people in China suggests a daily egg‚Ä¶ https://t.co/mJG6faeiYa",0.0,0.0,1.0,0.0,2018-05-26 19:03:09
92,BBC,"RT @BBCR1: üëë @stefflondon + @ddlovato + @JaxJones üëë

Watch LIVE at #BiggestWeekend right now on the @BBCiPlayer: https://t.co/pBz5iP9UlH ht‚Ä¶",0.0,0.0,1.0,0.0,2018-05-27 13:39:33
269,CNN Breaking News,"Former Director of National Intelligence James Clapper on the cancelled North Korea summit: ‚ÄúHaving gone this far,‚Ä¶ https://t.co/GAGhlaEX6T",0.2732,0.147,0.758,0.095,2018-05-27 13:44:49
91,BBC,"Shake it out, shake it out! üé∂

What a magical performance from @flo_tweet! ‚ù§Ô∏è Watch it on @BBCiPlayer now ‚ú® https://t.co/bVSn9KgQtm",-0.1739,0.091,0.751,0.158,2018-05-27 21:06:22
90,BBC,"üç¥ Many of us consciously eat a high-protein diet, but how much of it do we really need?
üëâ https://t.co/cC8AEHoczZ https://t.co/linptZaqhI",0.0,0.0,1.0,0.0,2018-05-29 07:29:06
268,CNN Breaking News,"Belgian authorities are investigating the killing of three people in the eastern city of Liege as a terror attack,‚Ä¶ https://t.co/83YqRmOkkq",-0.8316,0.0,0.685,0.315,2018-05-29 12:49:15
89,BBC,RT @bbccomedy: When a hedgehog causes carnage. #CarShare https://t.co/QUTPjviik0,0.0,0.0,1.0,0.0,2018-05-30 09:25:11
267,CNN Breaking News,"UPDATE: Russian journalist and Kremlin critic Arkady Babchenko, who was said to have been killed, has appeared aliv‚Ä¶ https://t.co/uvDxEY5Jhq",-0.765,0.0,0.72,0.28,2018-05-30 14:58:50
88,BBC,"These cuddling baby hares are the cutest thing you'll see today. üíïüê∞

https://t.co/LgJsY4XuHD",0.5859,0.241,0.759,0.0,2018-05-30 19:02:05
87,BBC,"'There's nothing a man can do that a woman cannot do'. 

Meet the Nigerian girls fighting out of poverty. ü•ä

https://t.co/d0fm8HShEK",-0.7003,0.0,0.756,0.244,2018-05-31 19:02:02
266,CNN Breaking News,"Manhunt ends in the fatal shooting of a Dickinson County, Tennessee, sheriff's deputy. Authorities say Steven Wiggi‚Ä¶ https://t.co/OcVdrZT0ZB",-0.5423,0.0,0.821,0.179,2018-06-01 14:07:11
86,BBC,"üì∏üê∂ Call the puparazzi, these divas are ready to shine! üíéhttps://t.co/zYrpgXF69z",0.4199,0.218,0.782,0.0,2018-06-02 09:00:14
85,BBC,These beautiful black and white photographs of London remained hidden in a loft for 30 years before they were disco‚Ä¶ https://t.co/F4PDR8kW81,0.5994,0.17,0.83,0.0,2018-06-03 11:03:08
265,CNN Breaking News,RT @CNNPolitics: Majority Leader Rep. Kevin McCarthy says President Trump is not headed to a ‚Äútrade war‚Äù: ‚ÄúWe are in a trade discussion to‚Ä¶,0.0,0.0,1.0,0.0,2018-06-03 14:30:48
84,BBC,"üì∏ From #Manhattanhenge to the world's largest freshwater pearl, here are some of the most striking news photos take‚Ä¶ https://t.co/5Tp0s3MG7n",0.0,0.0,1.0,0.0,2018-06-04 17:01:13
264,CNN Breaking News,"The death toll in Saturday's boat wreck off Tunisia is now the highest of any single migration attempt this year, g‚Ä¶ https://t.co/jbePUZpDd7",-0.7783,0.0,0.746,0.254,2018-06-05 12:29:33
83,BBC,"#OurGirl is back and heading to Nigeria in the fight against terror. 

Our Girl | 9pm | @BBCOne |‚Ä¶ https://t.co/epbhcujexD",-0.7184,0.0,0.727,0.273,2018-06-05 19:02:05
263,CNN Breaking News,Dozens of firefighters are tackling a blaze at a hotel in the Knightsbridge section of London‚Ä¶ https://t.co/gnJe25iSCO,0.0,0.0,1.0,0.0,2018-06-06 15:35:15
82,BBC,What it's like to find out you were adopted at age 49. https://t.co/Fl1LZJOMKZ,0.3612,0.172,0.828,0.0,2018-06-07 08:01:03
262,CNN Breaking News,Trump is skipping the climate change portion of the G7 summit after a bitter back-and-forth on Twitter with the Fre‚Ä¶ https://t.co/taIraYgpmi,-0.4215,0.0,0.872,0.128,2018-06-08 02:18:50
81,BBC,"Forget hygge, a new Nordic lifestyle trend called 'p√§ntsdrunk' is all about drinking in your underwear. üëôüçª‚Ä¶ https://t.co/SBTQBZ5E5e",-0.2263,0.0,0.894,0.106,2018-06-08 11:03:04
80,BBC,"As football fans across the globe look forward to #Russia2018, @mrdanwalker looks back at England's World Cup-winni‚Ä¶ https://t.co/3w7JJV7JwI",0.0,0.0,1.0,0.0,2018-06-09 10:10:06
261,CNN Breaking News,"Former Fleetwood Mac guitarist Danny Kirwan, who appeared on five of the band's albums, died in London, the band sa‚Ä¶ https://t.co/lAx90Ttftp",-0.5574,0.0,0.847,0.153,2018-06-09 21:40:48
79,BBC,Can you believe these wonders are beneath UK waters? https://t.co/BJ3SEEIjDN,0.0,0.0,1.0,0.0,2018-06-10 10:58:07
260,CNN Breaking News,RT @CNNMoney: US stocks barely budge at the opening bell. Genworth Financial spikes 29% after takeover by Chinese conglomerate receives gre‚Ä¶,0.0,0.0,1.0,0.0,2018-06-11 13:44:53
78,BBC,"The UK could see an end to homelessness within 10 years if the government embraces certain policies, according to t‚Ä¶ https://t.co/7aqYA3BaEE",0.2732,0.095,0.905,0.0,2018-06-11 14:25:15
259,CNN Breaking News,"Trump says he trusts Kim Jong Un. And if he's wrong? ""I may be wrong, I mean I may stand before you in six months a‚Ä¶ https://t.co/Sa0DiXMMip",-0.4767,0.099,0.703,0.198,2018-06-12 09:47:54
77,BBC,"üòÇ Charlie Chaplin: The original distracted boyfriend.
üëâ https://t.co/SplrRVbEzo https://t.co/5pYs0lIMcM",0.4215,0.261,0.556,0.184,2018-06-12 15:01:55
258,CNN Breaking News,"President Trump's personal attorney Michael Cohen has split with his own legal team, a source says. He could be shi‚Ä¶ https://t.co/bVUDJLusw2",0.128,0.073,0.927,0.0,2018-06-13 15:57:59
76,BBC,"Anatomist @theAliceRoberts embarks on a quest to rebuild her own body from scratch. 

Can Science Make Me Perfect?‚Ä¶ https://t.co/MSu2XCAYqw",0.0,0.0,1.0,0.0,2018-06-13 19:03:07
257,CNN Breaking News,Steve Scalise records first out in return to Congressional Baseball Game for Charity https://t.co/w1T6pt4eSh,0.4215,0.177,0.823,0.0,2018-06-15 02:44:21
75,BBC,"RT @BBCiPlayer: We're celebrating female voices and achievements across the BBC to mark 100 years since women got the vote. 

Not one to mi‚Ä¶",0.5719,0.139,0.861,0.0,2018-06-15 09:56:53
256,CNN Breaking News,"Rudy Giuliani says the President will not pardon anyone in the Russia probe for now, but also that Trump will not ""‚Ä¶ https://t.co/dUkT1NfvoQ",-0.1232,0.0,0.937,0.063,2018-06-16 01:53:48
74,BBC,"RT @BBCSport: #PORESP was absolutely unbelievable! üòç

 #WorldCup #bbcworldcup https://t.co/ALW30zBPsY",0.6872,0.34,0.66,0.0,2018-06-16 08:44:09
73,BBC,"üò≠‚úä#DadGoals with former F1 driver @RuBarrichello. 
#FathersDay https://t.co/77GfG51TSO",0.0,0.0,1.0,0.0,2018-06-17 09:04:06
255,CNN Breaking News,"Audi CEO Rupert Stadler has been arrested in Germany as part of an investigation into emissions cheating, prosecuto‚Ä¶ https://t.co/8pPqSO0LMu",-0.7717,0.0,0.717,0.283,2018-06-18 10:49:47
72,BBC,üéæ Sue Barker hosts live coverage of the opening day of the Championships from the famous Queen's Club in west Londo‚Ä¶ https://t.co/KaUoUWXRTE,0.4939,0.132,0.868,0.0,2018-06-18 11:03:06
71,BBC,"RT @BBC_Teach: BBC Bitesize is 20 üôåüéâ !
To celebrate, tell us your Bitesize story. Did you use Bitesize to pass your exams? Do you use Bites‚Ä¶",0.6114,0.138,0.862,0.0,2018-06-19 09:55:13
254,CNN Breaking News,RT @CNNMoney: JUST IN: Starbucks says it will close 150 stores next year https://t.co/TndC6LLVmC https://t.co/CJnFYpjBYV,0.0,0.0,1.0,0.0,2018-06-19 20:59:28
70,BBC,"How to have a baby, debone a chicken, and other life-changing YouTube hacks.
Because life's a little easier with th‚Ä¶ https://t.co/2RC1zxgYb4",0.3626,0.129,0.871,0.0,2018-06-20 11:03:05
253,CNN Breaking News,"Koko, the gorilla who mastered sign language and showed the world what great apes can do, dies in her sleep at age‚Ä¶ https://t.co/sTtBHTCLWo",0.6249,0.157,0.843,0.0,2018-06-21 13:26:41
69,BBC,"RT @BBCRadio4: Activist
Poet
Director
Actor
Writer...
...and inspiration
@Aardman Animations made a beautiful short film about Maya Angelou‚Ä¶",0.8074,0.313,0.687,0.0,2018-06-21 16:00:09
252,CNN Breaking News,"RT @CNNPolitics: Democratic Sen. Jeff Merkley says he's ""exploring the possibility"" of a 2020 presidential bid https://t.co/twusSwyQPM http‚Ä¶",0.0,0.0,1.0,0.0,2018-06-22 16:32:53
68,BBC,"‚ôªÔ∏èüåçSmall actions can make a big difference. 
#PlasticsAction

https://t.co/AWXUYNJ4e3 https://t.co/9Khy2bq19Z",0.0,0.0,1.0,0.0,2018-06-23 07:22:00
67,BBC,"ü•ëü•ïüåû These summery vegan dishes are perfect for when it's hot (and still delicious when it's not!) 

üëâ‚Ä¶ https://t.co/n8Nra5f9Jl",0.8268,0.312,0.688,0.0,2018-06-24 11:04:03
251,CNN Breaking News,"RT @CNNMoney: Jurassic World sequel crosses $700 million at the global box office
https://t.co/HatryuM22E https://t.co/XclFUKi9rs",0.0,0.0,1.0,0.0,2018-06-24 15:38:27
66,BBC,RT @BBCTwo: brb just gonna pop inside for some fresh air... ‚òÄÔ∏èüò∞ https://t.co/rlTBirEDF2,0.3182,0.161,0.839,0.0,2018-06-25 14:57:32
250,CNN Breaking News,RT @CNNMoney: JUST IN: Chinese stocks enter bear market as trade war heats up https://t.co/h3lAsT3UhU https://t.co/HKGaq1oKCm,-0.5994,0.0,0.794,0.206,2018-06-26 07:28:48
65,BBC,"RT @BBC6Music: Did @kanyewest and @theweeknd ""blatantly"" rip off @nineinchnails' live show?

Weds, Noon BST: Nine Inch Nails' @trent_reznor‚Ä¶",0.0,0.0,1.0,0.0,2018-06-26 21:20:15
249,CNN Breaking News,"Justice Anthony Kennedy, a conservative who provided key votes for same-sex marriage and abortion access, will reti‚Ä¶ https://t.co/cSk3bgUcPq",0.5267,0.175,0.825,0.0,2018-06-27 18:17:46
64,BBC,ü¶î A hedgehog which it is thought could be the world's fattest has been placed on a strict diet and exercise regime.‚Ä¶ https://t.co/351IQDFz3F,0.0,0.0,1.0,0.0,2018-06-28 11:16:03
63,BBC,üòÇ Dropping MAJOR hints that you want a lift‚Ä¶ https://t.co/BC9bJWyOky,0.4939,0.3,0.588,0.112,2018-06-29 18:01:04
248,CNN Breaking News,"The President said his list of replacements for Justice Kennedy is down to about five, including two women, and tha‚Ä¶ https://t.co/MumXlIAJ1O",0.5267,0.145,0.855,0.0,2018-06-29 21:55:34
62,BBC,RT @bbcthree: Would you criticise a stranger like you criticise yourself? https://t.co/VXiSiSZQ8n,-0.5106,0.153,0.491,0.356,2018-06-30 19:50:50
61,BBC,"Get unprecedented access to the hidden world of elite gymnasts in Russia. ü§∏‚Äç‚ôÄÔ∏è

Storyville: Olympic Dreams of Russi‚Ä¶ https://t.co/2ZhaGsysoa",0.4019,0.124,0.876,0.0,2018-07-01 19:27:02
247,CNN Breaking News,A 52-year-old man was arrested on arson charges in connection with a blaze in southern Colorado that has burned mor‚Ä¶ https://t.co/9G4S8kf0q6,-0.6369,0.0,0.766,0.234,2018-07-01 20:47:01
60,BBC,‚ù§Ô∏è This man is cleaning all 388 Holocaust plaques in his city. https://t.co/AfdxFBxxJ4,0.0,0.0,1.0,0.0,2018-07-03 08:00:15
246,CNN Breaking News,"The highest-ranking career official at the Justice Department, Scott Schools, plans to step down for a job in the p‚Ä¶ https://t.co/8sNlnnkJlz",0.5267,0.152,0.848,0.0,2018-07-03 16:44:19
59,BBC,"For the first time, astronomers have captured an image of a planet that's still forming. üî≠üåüüì∏
https://t.co/WoDnm1SdVj https://t.co/Kq6llPJGLZ",0.0,0.0,1.0,0.0,2018-07-04 11:01:08
245,CNN Breaking News,"At least 17 people have died in Quebec due to high heat and humidity, officials say https://t.co/zSjLoRypSf https://t.co/zWXNlQS7dA",-0.5574,0.0,0.825,0.175,2018-07-04 23:02:04
58,BBC,"üõçüõí Is it possible to shop without buying plastic?
#PlasticsAction https://t.co/nV0kMA6UzE",0.0,0.0,1.0,0.0,2018-07-05 12:00:01
57,BBC,üêùüï∫üêù We all know someone who does the wasp dance. https://t.co/IJm0eTScUS,0.0,0.0,1.0,0.0,2018-07-06 12:00:19
244,CNN Breaking News,"Brazil becomes latest World Cup giant to crash out, crushed by Belgium in a quarterfinal upset‚Ä¶ https://t.co/uljBBrqTmv",-0.6705,0.0,0.718,0.282,2018-07-06 20:06:52
56,BBC,"One. Step. Closer. Ô∏è‚öΩÔ∏è‚û°Ô∏èüè†

Here's what could happen if @England won the #WorldCup... 

#ENGSWE #ENG #ThreeLions

https://t.co/XXqMRopNvK",0.5719,0.188,0.812,0.0,2018-07-07 12:31:04
55,BBC,"üò≥üèù Still haunted by the image of Pierce Brosnan dancing in flippers? Well, he‚Äôs back. 

üé•üçø These are the nine films‚Ä¶ https://t.co/Xw6O9UYha4",-0.25,0.083,0.794,0.123,2018-07-08 09:03:05
243,CNN Breaking News,"Tropical Storm Beryl has weakened to a low pressure system as it moves toward Puerto Rico, the National Hurricane C‚Ä¶ https://t.co/R2nA0BuNsB",-0.6808,0.0,0.72,0.28,2018-07-08 22:59:11
54,BBC,"RT @BBCArchive: #OnThisDay 2001: The Office was first broadcast, on @BBCTwo. https://t.co/TgfV8bNhy4",0.0,0.0,1.0,0.0,2018-07-09 08:51:06
53,BBC,"RT @BBCSport: We have some exciting news...

@andy_murray will be joining the BBC commentary team this week at @Wimbledon 

üëâ https://t.co/‚Ä¶",0.4939,0.122,0.878,0.0,2018-07-10 08:55:48
242,CNN Breaking News,"Two more boys have been rescued from a cave complex, according to a Thai navy official. Ten of the 12 boys have now‚Ä¶ https://t.co/cSE19cnJE9",0.4215,0.118,0.882,0.0,2018-07-10 09:51:37
52,BBC,"In this city, a six-figure salary is considered 'low income' and not enough for a family of four to get by on.‚Ä¶ https://t.co/1qyDWTPSrG",-0.2732,0.0,0.905,0.095,2018-07-11 09:04:05
241,CNN Breaking News,Defending champion Roger Federer loses to South Africa's Kevin Anderson in the Wimbledon quarterfinals‚Ä¶ https://t.co/EZQupaiUfm,0.3818,0.203,0.677,0.12,2018-07-11 16:37:38
51,BBC,"RT @BBCSport: GOAL

Mario Mandzukic drills Croatia in front.

#CRO 2-1 #ENG 

LIVE:
üì± https://t.co/C5GtYW7jpj 
üìª @5liveSport 

#ENGCRO #Wor‚Ä¶",0.0,0.0,1.0,0.0,2018-07-11 20:23:23
50,BBC,"The original 1926 map of The Hundred Acre Wood from Winnie-the-Pooh has sold for a record ¬£430,000. üìñüçØ‚Ä¶ https://t.co/YoDZxpIlLe",0.3182,0.119,0.881,0.0,2018-07-13 11:03:03
240,CNN Breaking News,"President Trump says ""I didn't criticize the prime minister"" in UK newspaper interview and adds that a recording of‚Ä¶ https://t.co/wQMxYL93vg",0.2924,0.108,0.892,0.0,2018-07-13 13:21:57
49,BBC,"There she goes! üö¢ üåä

The RRS Sir David Attenborough - the UK's polar ship known to some as Boaty McBoatface - is la‚Ä¶ https://t.co/bYll3hTWpa",0.0,0.0,1.0,0.0,2018-07-14 12:10:55
239,CNN Breaking News,Haiti's Prime Minister resigns amid violent and deadly protests sparked by a proposed plan to raise fuel prices‚Ä¶ https://t.co/EVFHxjwfD6,-0.7964,0.0,0.649,0.351,2018-07-14 22:15:27
48,BBC,"The #ThaiCaveRescue boys now know that a volunteer died helping to save them, Thailand‚Äôs health ministry says.‚Ä¶ https://t.co/Nf4Xk3p8ez",0.2023,0.235,0.609,0.157,2018-07-15 17:04:03
47,BBC,"RT @BBCR1: 2018 has seen some amazing music collabs so far... but who else would you love to see team up?

Still waiting on a @ShawnMendes‚Ä¶",0.8481,0.263,0.737,0.0,2018-07-16 16:32:34
238,CNN Breaking News,"Senate Minority Leader Chuck Schumer says he was ""appalled"" by the President's remarks after his talks with Putin.‚Ä¶ https://t.co/k1tB5JCIwv",0.0,0.0,1.0,0.0,2018-07-16 19:49:05
237,CNN Breaking News,Two class-action lawsuits filed by former wrestlers claim Ohio State University turned a blind eye to a doctor's al‚Ä¶ https://t.co/QT5P92H2R0,-0.5106,0.0,0.788,0.212,2018-07-18 02:21:07
46,BBC,"ü•Ñ For some people, passing through airport security can be a life-changing moment. https://t.co/4YbqwzP0Nz",0.34,0.167,0.833,0.0,2018-07-18 08:00:19
45,BBC,RT @bbcthree: #OneHotSummer2018 has arrived! Our brand-new series follows different groups of friends on a month-long trip through Spain. h‚Ä¶,0.5255,0.159,0.841,0.0,2018-07-19 13:01:15
236,CNN Breaking News,"At least one person has died and more than 10 were injured when a tourist boat capsized in Missouri, official says‚Ä¶ https://t.co/Is2rhyQxYt",-0.743,0.0,0.751,0.249,2018-07-20 02:33:21
44,BBC,üêªüçû‚ô•Ô∏è Who doesn't love a teddy bear?  https://t.co/Pxd4u1WYLa,-0.5216,0.0,0.64,0.36,2018-07-20 12:02:04
43,BBC,"Maths, science, history and... death? üéíüìöü§î

Death could be added to the school timetable in Australia. üëâ‚Ä¶ https://t.co/l6jEPAaK64",-0.8316,0.0,0.672,0.328,2018-07-21 12:03:05
235,CNN Breaking News,"CNN's @JakeTapper: Is it not a possibility that Russians were trying to recruit you?

Carter Page: ""It's totally un‚Ä¶ https://t.co/OxEMAFMOWu",0.0,0.0,1.0,0.0,2018-07-22 13:23:21
42,BBC,RT @BBCNews: London Anniversary Games: Kare Adenegan &amp; Sophie Hahn set world records https://t.co/DW7CyMwS7r,0.0,0.0,1.0,0.0,2018-07-22 16:45:18
234,CNN Breaking News,"Nike says it will raise wages for 7,000 employees, or 10% of its global workforce https://t.co/sCEDZRdVmm https://t.co/RtkxB1rPBk",0.0,0.0,1.0,0.0,2018-07-23 22:11:00
41,BBC,üë∂üëµ Most people feel younger or older than they really are ‚Äì and this 'subjective age' has a big effect on their phy‚Ä¶ https://t.co/vGnFI1TfmB,0.0,0.0,1.0,0.0,2018-07-24 07:27:04
233,CNN Breaking News,RT @CNNPolitics: The US conducts an airstrike in Somalia near a base where a US soldier was killed https://t.co/H9Zx9QTXaH https://t.co/EUo‚Ä¶,-0.6705,0.0,0.791,0.209,2018-07-25 13:02:48
40,BBC,"Is this Africa‚Äôs most inventive neighbourhood? üí°üåøü•ë

https://t.co/xgeQCMM1XP",0.0,0.0,1.0,0.0,2018-07-25 16:02:05
232,CNN Breaking News,House Speaker Paul Ryan says he does not support House conservatives' efforts to impeach Deputy Attorney General Ro‚Ä¶ https://t.co/IHBrLjSsCo,-0.3089,0.0,0.889,0.111,2018-07-26 16:04:01
39,BBC,"üëÄüåù Skywatchers will be treated to the longest ""blood moon"" eclipse of the century tonight, with the totality period‚Ä¶ https://t.co/w1Eoi6fA9R",0.0,0.0,1.0,0.0,2018-07-27 09:51:01
38,BBC,üìñü•™ A brief history of the humble sarnie. https://t.co/25GXnqIXZy,0.0,0.0,1.0,0.0,2018-07-28 13:02:06
231,CNN Breaking News,"At least three people are dead and seven injured after a shooting in New Orleans, city police spokesman says https://t.co/tEKOdcOJrJ",-0.7906,0.0,0.708,0.292,2018-07-29 03:48:54
37,BBC,"RT @BBCSportWales: It's a matter of hours until Geraint Thomas is crowned as the first Welshman to win the Tour de France

üëâ Here's how he‚Ä¶",0.5994,0.159,0.841,0.0,2018-07-29 13:20:07
36,BBC,What makes you resilient? https://t.co/cZS96s7bv0,0.0,0.0,1.0,0.0,2018-07-30 18:01:04
230,CNN Breaking News,"A weekend shooting that left three people dead and seven wounded may have been gang-related, New Orleans police say‚Ä¶ https://t.co/oYQVGGgygb",-0.6486,0.0,0.807,0.193,2018-07-30 21:41:18
229,CNN Breaking News,Dozens of cases believed to hold the remains of American service members killed during the Korean War are due to be‚Ä¶ https://t.co/zKUGffYPq2,-0.8555,0.0,0.704,0.296,2018-08-01 06:49:18
35,BBC,"RT @bbcrb: We all know SOMEONE  who needs to do this! ü§∞üòàüòÇ
@UltraBabyFace https://t.co/zfjN3xA20m",0.0,0.0,1.0,0.0,2018-08-01 09:20:00
228,CNN Breaking News,"RT @CNNMoney: After tumbling in the morning, stocks came back strong to finish mostly higher. The S&amp;P 500 rose 0.5% and the Dow was flat. T‚Ä¶",0.5106,0.117,0.883,0.0,2018-08-02 20:10:53
34,BBC,"How did you sleep last night? 

Chances are you didn't get enough üí§ https://t.co/noTei8EVzE",0.3995,0.235,0.765,0.0,2018-08-03 07:00:08
33,BBC,‚úä Cindy Whitehead was one of the first female pro skateboarders in the 70s riding vertical inclines. https://t.co/8x58hjAuQd,0.0,0.0,1.0,0.0,2018-08-04 13:04:05
227,CNN Breaking News,"Iran says it held a successful naval exercise in the Strait of Hormuz with the aim of ""controlling and maintaining‚Ä¶ https://t.co/pOUgY7eLBm",0.5859,0.167,0.833,0.0,2018-08-05 11:30:04
32,BBC,"How can someone work, pay taxes and still be homeless? https://t.co/rCpmM5ybZl",-0.1027,0.0,0.877,0.123,2018-08-05 16:01:07
31,BBC,"""If it was your family then you wouldn't like it"". üíîüêò

Meet the schoolgirl who wants to protect endangered elephant‚Ä¶ https://t.co/z6RtcX2FFu",0.1255,0.11,0.801,0.089,2018-08-07 08:03:02
226,CNN Breaking News,"Jared Kushner deleted several 'critical' stories at his newspaper in 2012, software developer claims‚Ä¶ https://t.co/i0ATvVAWIi",0.0,0.0,1.0,0.0,2018-08-07 12:36:10
30,BBC,"üèùüçπ‚òÄÔ∏è How to win at holidays.
Travel experts tell us how to hack your way to beachside bliss.
üëâ‚Ä¶ https://t.co/iSrzbdv2QY",0.8779,0.373,0.627,0.0,2018-08-08 11:21:04
225,CNN Breaking News,Tribune Media ends merger deal with Sinclair and says it's suing over what it calls Sinclair's 'unnecessarily aggre‚Ä¶ https://t.co/4OEry23tFX,-0.2732,0.0,0.896,0.104,2018-08-09 11:15:10
29,BBC,"üòÇ Remember the time Attenborough said 'BOO!' to a sloth?

#LifeOfMammals https://t.co/x8UxG2gTpL",0.4926,0.215,0.684,0.1,2018-08-09 16:03:02
28,BBC,"When it comes to describing the size of Jupiter, the word 'big' doesn't quite cut it...

#Horizon: Jupiter Revealed https://t.co/3YsHT7H7zS",0.2572,0.097,0.903,0.0,2018-08-11 08:04:00
224,CNN Breaking News,The man who stole a plane Friday in Seattle and later died in a crash was identified as 29-year-old airline worker‚Ä¶ https://t.co/C2lvPh98wm,-0.743,0.0,0.741,0.259,2018-08-12 00:12:36
27,BBC,"If you're lucky, you could see over 100 meteors an hour in the #Perseid meteor shower tonight! üòçüí´üî≠

Here's how to w‚Ä¶ https://t.co/FNfzXIMzGR",0.4753,0.123,0.877,0.0,2018-08-12 11:01:07
223,CNN Breaking News,"The FBI fires Peter Strzok, the agent who was removed from the Russia probe for sending disparaging text messages a‚Ä¶ https://t.co/XTc869qnI5",-0.4939,0.0,0.862,0.138,2018-08-13 15:32:51
26,BBC,The US pack dogs taking on the rhino poachers in South Africa. https://t.co/nlYInjleZ9,0.0,0.0,1.0,0.0,2018-08-13 16:00:33
222,CNN Breaking News,The former Baltimore police officer caught on video punching a man for 12 seconds has been indicted on assault and‚Ä¶ https://t.co/BEq5pByfBm,-0.5859,0.0,0.833,0.167,2018-08-14 19:48:40
25,BBC,The government has unveiled its ¬£100m strategy to tackle rough sleeping on England's streets.‚Ä¶ https://t.co/CiH7ZbhSIx,0.0,0.0,1.0,0.0,2018-08-15 11:03:07
24,BBC,RT @BBCArchive: Aretha Franklin performing Don't Play that Song in 1970. #RipArethaFranklin https://t.co/clOGzjHJEC,-0.2584,0.0,0.855,0.145,2018-08-16 14:33:47
221,CNN Breaking News,"Rock &amp; Roll Hall of Fame remembers Aretha Franklin as ""an artist of passion, sophistication and command."" Follow li‚Ä¶ https://t.co/BVKFdtKh4z",0.7096,0.247,0.753,0.0,2018-08-16 15:24:20
23,BBC,Actual footage of my weekend plans... üí§ #FridayFeeling https://t.co/fwYRjlq0es,-0.296,0.0,0.784,0.216,2018-08-17 15:59:00
22,BBC,US Police have made an arrest in a fatal hit-and-run case after an obscure part of a car headlight was identified b‚Ä¶ https://t.co/YA3fAk1bCx,-0.7096,0.0,0.763,0.237,2018-08-19 09:02:05
220,CNN Breaking News,Twitter CEO Jack Dorsey wouldn‚Äôt commit to a timetable for cleaning up the social media site overrun by abuse and s‚Ä¶ https://t.co/lsJusv7E2v,-0.4588,0.087,0.748,0.165,2018-08-19 16:29:09
21,BBC,Meet the biggest puppet in the UK. https://t.co/Tjr3AdLmIr,0.0,0.0,1.0,0.0,2018-08-20 16:00:27
219,CNN Breaking News,"A Colorado man has been charged in the deaths of his pregnant wife and their two young daughters, court filings sho‚Ä¶ https://t.co/W3aZ4rSnXx",-0.2023,0.0,0.917,0.083,2018-08-20 21:59:13
218,CNN Breaking News,Suspected Golden State Killer Joseph James DeAngelo will be tried on multiple murder counts in a single trial in Sa‚Ä¶ https://t.co/HKCHZcFAP7,-0.8979,0.0,0.609,0.391,2018-08-21 21:08:23
20,BBC,More than a third of farmed fruit and vegetables never reaches supermarket shelves because it is misshapen or the w‚Ä¶ https://t.co/10Bqhnzz8j,-0.0382,0.0,0.943,0.057,2018-08-22 11:01:06
19,BBC,üê∂üç¶ Almost too adorable to eat... https://t.co/Cf3gUwmFqH,0.4445,0.327,0.673,0.0,2018-08-23 12:03:06
217,CNN Breaking News,"Lynyrd Skynyrd guitarist Ed King, who co-wrote the hit ""Sweet Home Alabama,"" has died https://t.co/cKJ6wulCUv https://t.co/npJk9SCDTH",-0.1531,0.146,0.68,0.175,2018-08-23 23:06:54
18,BBC,"Me leaving work in a calm and orderly fashion ahead of the  üéâTHREE üéâDAY üéâWEEKEND üéâ

#FridayFeeling #BankHoliday https://t.co/x9zFn90J3W",0.6124,0.227,0.773,0.0,2018-08-24 15:59:00
216,CNN Breaking News,Democrats enact one of the most significant changes to the way superdelegates operate at their national convention‚Ä¶ https://t.co/eCjdObSmMy,0.2716,0.11,0.89,0.0,2018-08-25 20:24:30
17,BBC,"This father and son thought they were going to die at sea. 
Then 13 year old Joe did something incredible. 
(via‚Ä¶ https://t.co/ygLkik2sjB",-0.5994,0.0,0.843,0.157,2018-08-26 08:00:14
215,CNN Breaking News,The US and Mexico are on track to announce details of a new trade agreement as part of ongoing discussions over the‚Ä¶ https://t.co/1SmJ5vp5r1,0.4939,0.132,0.868,0.0,2018-08-27 14:10:36
16,BBC,More than half of Borneo's orangutans have perished since 1999; their habitats destroyed to make way for palm oil p‚Ä¶ https://t.co/SIm7DMFEgU,-0.4939,0.0,0.862,0.138,2018-08-27 18:12:05
214,CNN Breaking News,"Rep. Ron DeSantis will win Florida's Republican governor's primary, CNN projects, in yet another win for a Trump-ba‚Ä¶ https://t.co/WGdmW42Tym",0.8225,0.322,0.678,0.0,2018-08-29 00:12:00
15,BBC,"Nearly a quarter of 14-year-old girls in the UK said they had self-harmed, a report suggests.
üëâ‚Ä¶ https://t.co/aUmLsEDteD",0.0,0.0,1.0,0.0,2018-08-29 09:08:48
199,CBS News,"Permanently in the dog house? It isn‚Äôt as bad as it sounds. Two men have taken in and adopted out over 11,000 anima‚Ä¶ https://t.co/sTZAWt4UTv",-0.5423,0.0,0.868,0.132,2018-08-30 23:04:33
198,CBS News,At least 6 dead after grisly bus crash in New Mexico https://t.co/ovjMv0R313 https://t.co/xFPSbUbNfM,-0.7906,0.0,0.588,0.412,2018-08-31 04:48:03
14,BBC,üò≤‚ôªÔ∏èüêâ This 'river monster‚Äô was created from the monstrous amount of rubbish found in Leicester's waterways. https://t.co/lECYnJbKp1,0.25,0.111,0.889,0.0,2018-08-31 07:00:06
197,CBS News,El Salvador says 3 minors sexually abused in U.S. shelters https://t.co/88HbN2YT0V https://t.co/Lf5ZRCQJE2,-0.5106,0.0,0.752,0.248,2018-08-31 09:30:19
196,CBS News,"No backing down on Trump Foundation lawsuit, New York attorney general says https://t.co/dVxeL5T8co https://t.co/Jq1yF0Jtp1",-0.4588,0.068,0.679,0.253,2018-08-31 13:46:05
213,CNN Breaking News,Here's a look at the program for Aretha Franklin's funeral. The more than five-hour funeral service is expected to‚Ä¶ https://t.co/3QPiKpckvg,-0.6124,0.0,0.773,0.227,2018-08-31 14:40:51
195,CBS News,"John McCain ""would have appreciated this ceremony today. He would have appreciated it but I think he would also be‚Ä¶ https://t.co/5syPfGhsS5",0.5106,0.193,0.807,0.0,2018-08-31 15:32:36
194,CBS News,ACT OF LOVE: This 99-year-old man walks six miles every single day -- no matter the weather -- to visit his wife in‚Ä¶ https://t.co/4cXq1ebUQe,0.5904,0.206,0.718,0.075,2018-08-31 20:16:16
499,The New York Times,Serena Williams's return to the court should surprise exactly no one. She joins a league of simultaneously ordinary‚Ä¶ https://t.co/YptVFs3zpG,-0.0258,0.103,0.788,0.108,2018-08-31 22:36:00
193,CBS News,This unique chorus is giving a voice to people with Alzheimer's https://t.co/hObNFUPzwT https://t.co/w4sIbYC25l,0.34,0.179,0.821,0.0,2018-09-01 02:09:36
498,The New York Times,"In public and in private, Ted Cruz has expressed enough alarm about his opponent to ask the president, once a bitte‚Ä¶ https://t.co/rR7A5G0v8B",-0.34,0.0,0.893,0.107,2018-09-01 03:17:05
192,CBS News,Some restaurants are banning cell use at their tables https://t.co/rBbpTu9mc0 https://t.co/lKnR9AvfPX,0.0,0.0,1.0,0.0,2018-09-01 06:33:03
497,The New York Times,"RT @hfairfield: Type in a place, and we'll show you how much hotter it will get in our your lifetime: https://t.co/DtAj3ViDrB",0.0,0.0,1.0,0.0,2018-09-01 08:32:05
191,CBS News,"John McCain remembered: Obama, Bush give eulogies at Washington funeral - live updates https://t.co/ByAIe7nVEC https://t.co/2yCyTM3MDK",-0.3612,0.0,0.839,0.161,2018-09-01 11:24:04
13,BBC,A whole new way to treat Parkinson's. https://t.co/dslDtfQAmY,0.4019,0.31,0.69,0.0,2018-09-01 13:04:05
496,The New York Times,"The son this couple gave up for adoption 36 years ago not only reunited them, but officiated at their wedding. https://t.co/uqxpPJQ5aB",0.0,0.0,1.0,0.0,2018-09-01 13:31:07
190,CBS News,Follow our live updates on the memorial service for Sen. John McCain in Washington. Former Presidents George W. Bus‚Ä¶ https://t.co/zj4MGPsAdi,0.0,0.0,1.0,0.0,2018-09-01 14:09:30
212,CNN Breaking News,Meghan McCain: ‚ÄúMy father was a great man. He was a great warrior. He was a great American. I admired him for all o‚Ä¶ https://t.co/Dle4lniaOi,0.9485,0.479,0.521,0.0,2018-09-01 14:48:42
495,The New York Times,The number of extremely hot days is rising around the world. See how your hometown has changed since your birth ‚Äî a‚Ä¶ https://t.co/FiYWbLC7h0,0.0772,0.058,0.942,0.0,2018-09-01 16:36:57
189,CBS News,It's a theatrical experience like no other. Take a look behind the scenes of live film scoring‚Ä¶ https://t.co/gUpXN8ySf5,0.0772,0.134,0.749,0.118,2018-09-01 17:19:52
494,The New York Times,"Though now many people associate Labor Day with barbecues and the beach, it started with calls for humane working c‚Ä¶ https://t.co/QvAYvNqbeW",0.0,0.0,1.0,0.0,2018-09-01 21:05:06
188,CBS News,John McCain and the envy that leads us to action https://t.co/9VGBP0CTOh https://t.co/ItUjLk0O50,-0.2732,0.0,0.84,0.16,2018-09-01 23:33:04
493,The New York Times,"""The only way to exorcise the hatred in your heart is to find some measure of forgiveness ‚Äî for yourself."" https://t.co/SLsmwDS8li",-0.4767,0.086,0.741,0.173,2018-09-02 01:35:58
187,CBS News,Judge blocks first trophy hunt of Yellowstone grizzlies in 40 years https://t.co/UXsfgIQ5WV https://t.co/b16OUd3SI6,-0.2263,0.0,0.863,0.137,2018-09-02 03:48:03
492,The New York Times,"""The real point of the fair, as I now understand it, is to eat all day long"" https://t.co/Q8rMsysfJW",0.3182,0.126,0.874,0.0,2018-09-02 07:28:40
186,CBS News,An associate of former Trump campaign chairman Paul Manafort pleads guilty for failing to register as a foreign age‚Ä¶ https://t.co/AAKcXEjcT6,-0.7269,0.0,0.736,0.264,2018-09-02 08:48:05
491,The New York Times,RT @TheSteinLine: At 2:22 AM ET -- five minutes shy of a new record for latest finish -- @cilic_marin completes a comeback from two sets do‚Ä¶,-0.25,0.0,0.92,0.08,2018-09-02 13:08:53
12,BBC,"A groundbreaking technique looks set to turn man's best friend into an ivory trafficker's worst nightmare.
üëâ‚Ä¶ https://t.co/64P7dLdIqx",0.5106,0.29,0.549,0.161,2018-09-02 14:06:08
185,CBS News,RT @FaceTheNation: COMING UP: Don't miss this morning's Face the Nation when @margbrennan talks with @JohnKasich &amp; @JohnKerry. Plus our pol‚Ä¶,0.1139,0.067,0.933,0.0,2018-09-02 14:31:21
490,The New York Times,"More than 100 alumni of a small, now-closed school for troubled teenagers have died in the span of a few years, oft‚Ä¶ https://t.co/p6DXLKR7Gy",-0.765,0.0,0.742,0.258,2018-09-02 17:50:01
184,CBS News,SACRIFICE OF LOVE: A homeless woman struggling with drug addiction trusted a police officer who knew her to adopt h‚Ä¶ https://t.co/Xc8cRLRD36,0.7865,0.354,0.545,0.102,2018-09-02 17:52:10
489,The New York Times,They Sat in Hypocrisy https://t.co/XI3V1gAGL4,0.0,0.0,1.0,0.0,2018-09-02 22:35:28
183,CBS News,"""It has been reported 100+ times. No response. Tell me why this is cool by you"": Meghan McCain's husband slams Twit‚Ä¶ https://t.co/2szrjphoMo",0.0258,0.094,0.816,0.09,2018-09-03 00:19:46
488,The New York Times,"Meet Big. It's a record-breaking oyster found in New York's harbor, and it's a bit of a metaphor for the city (not‚Ä¶ https://t.co/H7FBaiwjoe",0.0,0.0,1.0,0.0,2018-09-03 02:45:38
211,CNN Breaking News,Two Reuters journalists accused of breaking Myanmar's Official Secrets Act have been found guilty and sentenced to‚Ä¶ https://t.co/mmfW7dcdfx,-0.6249,0.0,0.711,0.289,2018-09-03 04:55:38
182,CBS News,Bishop apologizes for touching Ariana Grande at Aretha Franklin's funeral https://t.co/G6yWmNTBzm https://t.co/5pg4o5oQLj,0.0,0.167,0.667,0.167,2018-09-03 05:18:03
487,The New York Times,Summer is coming to a close. Here are our favorite potluck (or picnic) recipes for the season https://t.co/Cd1wRrGcfw,0.4588,0.158,0.842,0.0,2018-09-03 07:34:41
181,CBS News,The financial problem that just won't die: Student loans https://t.co/iJj1PBzhuR https://t.co/6Y6162vR6J,0.1144,0.212,0.606,0.182,2018-09-03 09:40:09
486,The New York Times,"Days before the Supreme Court nominee's confirmation hearings, the Trump administration has decided to withhold tho‚Ä¶ https://t.co/yeRS6XjVs6",0.5574,0.184,0.816,0.0,2018-09-03 13:00:10
180,CBS News,"This 11-year-old boy with leukemia doesn't know how long he has to live, but he does know he'll be fulfilling his d‚Ä¶ https://t.co/3h1ORiHyNu",0.0,0.0,1.0,0.0,2018-09-03 16:01:35
485,The New York Times,"Is there a spy camera in that bathroom? In Seoul, 8,000 workers will check. https://t.co/i4gIwPlSd7 https://t.co/a1qdlIUJKo",0.0,0.0,1.0,0.0,2018-09-03 18:00:23
11,BBC,"A documentary series following the search for missing people.

Reported Missing | 9pm | @BBCOne |‚Ä¶ https://t.co/yXINmDRboH",-0.5267,0.0,0.732,0.268,2018-09-03 19:02:03
179,CBS News,"Commentary: For Democrats, hopes of defeating Brett Kavanaugh's Supreme Court nomination lie with the public‚Ä¶ https://t.co/o13r5QS4Sn",0.5859,0.291,0.591,0.118,2018-09-03 22:24:35
484,The New York Times,She Thought Pole Dancing at Kindergarten Was a Great Idea. Others Disagreed. https://t.co/h1NrTVyU91,0.4215,0.25,0.61,0.14,2018-09-03 22:29:54
483,The New York Times,"In hidden corners across South Korea, tiny cameras are surreptitiously recording thousands of women when they are a‚Ä¶ https://t.co/uh1a3JS2DN",0.0,0.0,1.0,0.0,2018-09-04 02:00:06
178,CBS News,"Gunman in Florida ""stand your ground"" shooting says he wouldn't change what he did https://t.co/VLesI5TZxD https://t.co/SCGNYOGIWp",0.0,0.0,1.0,0.0,2018-09-04 03:18:03
482,The New York Times,"It's been 4 years since 43 students protesters were pulled off buses in southern Mexico, never to be seen again. So‚Ä¶ https://t.co/vmW4MLPAE5",-0.2263,0.0,0.913,0.087,2018-09-04 06:00:13
177,CBS News,Bishop at Aretha Franklin's funeral apologized to Ariana Grande after being accused of grabbing her breast on stage‚Ä¶ https://t.co/BifPy1eJzE,-0.34,0.1,0.696,0.204,2018-09-04 07:33:06
481,The New York Times,"Rodrigo Duterte has ordered the arrest of Antonio Trillanes, one of his most prominent critics in the Philippine Se‚Ä¶ https://t.co/Mq4QEWJTKs",-0.315,0.106,0.695,0.199,2018-09-04 10:50:02
176,CBS News,RT @CBSThisMorning: Check out what we're working on this morning: https://t.co/lUWrVCj260,0.0,0.0,1.0,0.0,2018-09-04 10:50:22
480,The New York Times,RT @adamliptak: I‚Äôve covered five other Supreme Court confirmation hearings.  None of them included anything like the chaos in the opening‚Ä¶,0.34,0.219,0.647,0.133,2018-09-04 14:18:22
175,CBS News,"Minnesota Sen. Amy Klobuchar says Brett Kavanaugh documents show the Supreme Court nominee has ""a limited view of c‚Ä¶ https://t.co/duLQGQIGdG",0.4019,0.153,0.766,0.081,2018-09-04 14:32:19
479,The New York Times,Brett Kavanaugh's hearing has paused for a break. Here's what you've missed so far. https://t.co/czjZloHEGZ,-0.296,0.0,0.855,0.145,2018-09-04 16:56:50
174,CBS News,It's Beyonce's birthday. Celebrate by embracing your inner Sasha Fierce. https://t.co/37r9VltEkq https://t.co/VtBNclfS81,0.5719,0.252,0.748,0.0,2018-09-04 17:50:25
478,The New York Times,"There, sitting on a shelf in a Florida thrift store, was a baseball glove that belonged to their son 40 years ago i‚Ä¶ https://t.co/LczB4aW2WT",0.0,0.0,1.0,0.0,2018-09-04 19:28:05
210,CNN Breaking News,RT @CNNMoney: Markets edge lower. Dow loses 12 points. S&amp;P 500 and Nasdaq dip 0.2%. Tesla sinks 4% on negative Goldman Sachs report. Nike f‚Ä¶,-0.802,0.0,0.728,0.272,2018-09-04 20:11:48
173,CBS News,"Henry Cavill will star in Netflix's ""The Witcher"" series, showrunner Lauren Schmidt Hissrich confirms‚Ä¶ https://t.co/HO2ij1X1Rn",0.0,0.0,1.0,0.0,2018-09-04 21:00:32
477,The New York Times,"RT @nytvideo: ""You're out of order."" Judge Brett Kavanaugh‚Äôs first day of confirmation hearings got off to a chaotic start. Here‚Äôs a quick‚Ä¶",-0.4939,0.0,0.862,0.138,2018-09-04 23:17:03
172,CBS News,"President Trump, the NFL respond to Colin Kaepernick appearing in Nike's 30th anniversary ""Just Do It"" campaign‚Ä¶ https://t.co/MdnVLEihx0",0.0,0.0,1.0,0.0,2018-09-05 01:25:48
476,The New York Times,"RT @TheSteinLine: Why was Don Nelson chosen to usher @SteveNash into the @Hoophall? Because Nash, as explained in this week‚Äôs @nytimes NBA‚Ä¶",0.0,0.0,1.0,0.0,2018-09-05 03:11:04
171,CBS News,Trump's trade actions are heating up quickly https://t.co/Ib7xcvm3uQ https://t.co/L4rTCIKpbl,0.0,0.0,1.0,0.0,2018-09-05 05:48:05
475,The New York Times,"President Xi Jinping of China will not make his first trip to North Korea this weekend, despite speculation to the‚Ä¶ https://t.co/uijGKzP67V",0.0,0.0,1.0,0.0,2018-09-05 07:15:03
170,CBS News,"Pompeo has tough task to ""reset"" ties in Pakistan https://t.co/VaEjBLv2AC https://t.co/PAYuYWnujC",-0.128,0.0,0.87,0.13,2018-09-05 09:58:06
10,BBC,"Boeing says Asia needs 240,000 pilots over next two decades.
If you need a job, you may want to consider training a‚Ä¶ https://t.co/bCwIkgrjAy",0.0772,0.058,0.942,0.0,2018-09-05 11:00:09
474,The New York Times,"Your daily @DealBook Briefing:

‚Ä¢ Amazon may be worth much more than $1 trillion.

‚Ä¢ Exclusive: John Studzinski hea‚Ä¶ https://t.co/G5vNyuab0a",0.4767,0.254,0.746,0.0,2018-09-05 12:00:10
169,CBS News,Nurse reunited with baby she saved 28 years ago -- he's now a resident at the same hospital https://t.co/OtTHWrw3TD https://t.co/d7IDCmYBIN,0.4215,0.135,0.865,0.0,2018-09-05 13:14:55
473,The New York Times,"RT @MichaelPaulson: A new path to Broadway: ""Be More Chill"" (@BMCMusical), a sci-fi high school musical, to open in March, propelled by soc‚Ä¶",0.0,0.0,1.0,0.0,2018-09-05 15:00:03
472,The New York Times,"In an effort to promote diversity, Warner Bros. ‚Äî and its corporate siblings, HBO and Turner Broadcasting ‚Äî unveile‚Ä¶ https://t.co/MVhYjJikzo",0.3818,0.133,0.867,0.0,2018-09-05 17:45:08
168,CBS News,Hackers are targeting the midterm campaigns ‚Äî and their simplest tricks could cause the most damage‚Ä¶ https://t.co/TS8ZiHUuvK,-0.128,0.0,0.909,0.091,2018-09-05 20:05:16
471,The New York Times,"Let @nytimesarts help plan your fall. Here‚Äôs a look at New York City‚Äôs most anticipated cultural events, synced rig‚Ä¶ https://t.co/mPvfu4t8YK",0.4019,0.13,0.87,0.0,2018-09-05 21:31:10
167,CBS News,Photos show mice lounging around anti-rodent device and judge says the pictures are reason enough to let a lawsuit‚Ä¶ https://t.co/sltxDAq1yf,0.0,0.0,1.0,0.0,2018-09-05 23:49:00
470,The New York Times,"Jeff and MacKenzie Bezos are donating $10 million to the With Honor Fund, which supports military veterans running‚Ä¶ https://t.co/fGmDAsDYQT",0.6908,0.251,0.749,0.0,2018-09-06 02:02:02
166,CBS News,House Democrats accuse Republicans of blocking investigation into Trump administration's Hurricane Maria response‚Ä¶ https://t.co/CflKGPMPXQ,-0.5267,0.0,0.732,0.268,2018-09-06 04:32:05
469,The New York Times,"Breaking News: In a groundbreaking victory for gay rights, India‚Äôs Supreme Court just struck down one of the world‚Äô‚Ä¶ https://t.co/fefOy1E4ez",0.3818,0.159,0.752,0.088,2018-09-06 06:17:27
209,CNN Breaking News,"India's top court decriminalizes consensual gay sex, overturning more than 150 years of anti-LGBT legislation.‚Ä¶ https://t.co/w5diGEjHvZ",0.2023,0.107,0.893,0.0,2018-09-06 06:45:56
165,CBS News,Theranos is reportedly closing after failing to sell itself https://t.co/5zs7uFXiSc https://t.co/pJkgAO8wgx,-0.5106,0.0,0.752,0.248,2018-09-06 08:48:03
468,The New York Times,Brett Kavanaugh dodged direct questions about whether the Constitution would allow President Trump to use the power‚Ä¶ https://t.co/TbTdg0LtNQ,0.2263,0.101,0.899,0.0,2018-09-06 11:00:06
9,BBC,RT @BBCOne: Stay cool. But. Tonight @missgemcollins enters the Celebrity @MasterChefUK kitchen. https://t.co/cWGjn9bSvx,0.1655,0.121,0.879,0.0,2018-09-06 11:26:39
164,CBS News,RT @CBSThisMorning: ‚ÄúI've just finished writing a very important book that I've handed in to @RandomHouse. It will come out in '19. I'm thi‚Ä¶,0.2716,0.087,0.913,0.0,2018-09-06 12:46:53
467,The New York Times,5 minutes that will make you love classical music https://t.co/0AFRkNSlsd https://t.co/QL5PssXnrz,0.6369,0.318,0.682,0.0,2018-09-06 14:15:06
163,CBS News,"WATCH: Protester shouting, ""Shame! Shame!"" is removed from day three of Brett Kavanaugh's Senate confirmation heari‚Ä¶ https://t.co/CMjX8fU26P",0.0,0.0,1.0,0.0,2018-09-06 14:39:16
466,The New York Times,"Thanks to her son's homework, Melitta Bentz came up with an idea that would earn lots of money ‚Äî and a vastly impro‚Ä¶ https://t.co/59AjGRZaiN",0.4404,0.121,0.879,0.0,2018-09-06 17:30:02
162,CBS News,"The Academy won't be presenting ""popular film"" category at this year's Oscars https://t.co/7TadZSo8Cf https://t.co/LH91FoqkQ3",-0.3252,0.0,0.848,0.152,2018-09-06 20:09:52
465,The New York Times,"RT @Nate_Cohn: Tonight, we will launch the first of nearly 100 live NYT Upshot/Siena polls of the fight for Congress.
For the first time, w‚Ä¶",-0.3818,0.0,0.902,0.098,2018-09-06 21:15:07
161,CBS News,"HAPPENING NOW: President Trump greets supporters at a rally in Montana to stump for Matt Rosendale, the Republican‚Ä¶ https://t.co/Or0oPdrp8T",0.5423,0.22,0.78,0.0,2018-09-07 01:18:20
464,The New York Times,"RT @maggieNYT: John Kelly and aides have a list of just over a dozen people who could have written the op-ed, as people suggest polygraphs‚Ä¶",0.0,0.0,1.0,0.0,2018-09-07 01:51:05
160,CBS News,College drops uniforms featuring Nike logo to protest Kaepernick ad https://t.co/5Mi0H4IXKj https://t.co/u8WOkx4LlR,-0.25,0.0,0.846,0.154,2018-09-07 05:18:03
463,The New York Times,Almost demolished. Almost donated. The saga of a Frank Lloyd Wright home in Phoenix continues: It is now for sale f‚Ä¶ https://t.co/Cwn8E5dU2G,0.0,0.0,1.0,0.0,2018-09-07 06:30:10
159,CBS News,College drops uniforms featuring Nike logo to protest Kaepernick ad https://t.co/rSxVnS2Z1D https://t.co/QAII0fikO7,-0.25,0.0,0.846,0.154,2018-09-07 09:48:03
462,The New York Times,The Delaware results indicate that the rebellion on the left is taking place somewhat narrowly https://t.co/Izy5hbHU01,-0.128,0.0,0.909,0.091,2018-09-07 11:00:12
158,CBS News,Police detain black teen riding with his white grandmother after reports of robbery attempt https://t.co/dNpq59lgcR https://t.co/whOzKwsKfw,-0.4215,0.0,0.843,0.157,2018-09-07 13:44:33
461,The New York Times,"In Opinion

Former chairman of the Federal Reserve Ben Bernanke and¬†former Treasury secretaries Timothy Geithner¬†an‚Ä¶ https://t.co/nDDE0zSeMm",0.2023,0.096,0.904,0.0,2018-09-07 15:30:04
208,CNN Breaking News,"Former President Obama says in a speech that President Trump ""is a symptom, not the cause,"" of people fearful of ch‚Ä¶ https://t.co/npIRTcPhzH",-0.4939,0.0,0.856,0.144,2018-09-07 16:45:28
157,CBS News,"""We are Americans. We are supposed to stand up to bullies, not follow them,"" Obama says. ""We are supposed to stand‚Ä¶ https://t.co/i8ok7RMYTO",0.0,0.0,1.0,0.0,2018-09-07 16:56:00
460,The New York Times,RT @NYTimesPR: Response from The New York Times to President Trump's comments indicating Attorney General Jeff Sessions should investigate‚Ä¶,0.0,0.0,1.0,0.0,2018-09-07 19:34:45
156,CBS News,"The blue macaw parrot that inspired ""Rio"" is now officially extinct in the wild https://t.co/jzu5MlqcLM https://t.co/y7aj4V1qmx",0.4939,0.176,0.824,0.0,2018-09-07 21:19:53
459,The New York Times,"President Trump will be presiding at the U.N. Security Council, a rotating role that falls to the U.S. this month https://t.co/0Y2LCsk5ER",0.34,0.112,0.888,0.0,2018-09-08 00:02:03
155,CBS News,Police: Warrant sought for officer who mistook apartment for her own; killed neighbor https://t.co/GZaH7FsBhX https://t.co/Fqx6trOKev,-0.6705,0.0,0.757,0.243,2018-09-08 03:18:03
458,The New York Times,RT @NYTHealth: Dozens of passengers coming into the U.S. from different locations had flu-like symptoms on their flights. There's an explan‚Ä¶,0.0,0.0,1.0,0.0,2018-09-08 04:22:06
154,CBS News,"Gwyneth Paltrow's Goop to pay $145,000 over claims its vaginal eggs have health perks https://t.co/dIIhDGZd9Y https://t.co/vvn3ADadEj",-0.1027,0.0,0.915,0.085,2018-09-08 07:33:03
8,BBC,‚õµÔ∏è This recycled plastic boat collects plastic waste from rivers. https://t.co/hlunIQsYjJ,-0.4215,0.0,0.781,0.219,2018-09-08 08:08:03
457,The New York Times,‚ÄúThe Manhattan Nobody Knows: An Urban Walking Guide‚Äù is the next in a series of books that uncover ‚Äî by lots of wal‚Ä¶ https://t.co/Ix2hdzFuG4,0.0,0.0,1.0,0.0,2018-09-08 11:02:04
153,CBS News,"Nike sales surge despite storm over Colin Kaepernick's ""Just Do It"" ad https://t.co/2cO2466vNC https://t.co/ECmtoDul5r",0.0,0.0,1.0,0.0,2018-09-08 12:18:07
456,The New York Times,"RT @NYTScience: Climate change is making hungry, hungry caterpillars. https://t.co/1teHipsuLy",0.0,0.0,1.0,0.0,2018-09-08 15:47:23
152,CBS News,"""Let's get back to what we do"": Sports stars reflect on how games helped the nation heal after 9/11‚Ä¶ https://t.co/f65z3acAQj",0.0,0.0,1.0,0.0,2018-09-08 18:19:34
455,The New York Times,"RT @adamnagourney: Obama, at Ca rally, is giving named call-outs to the big seven Democratic congressional challengers. This is a live vers‚Ä¶",0.4215,0.167,0.833,0.0,2018-09-08 20:07:12
151,CBS News,The mother of the man killed in his own home by a Dallas police officer suggests he might still be alive if he were‚Ä¶ https://t.co/MoCA2a8dic,-0.4404,0.089,0.756,0.155,2018-09-08 22:19:49
454,The New York Times,Third Point Seeks to Oust Campbell Soup‚Äôs Board https://t.co/2JfPMlaxA5,0.0,0.0,1.0,0.0,2018-09-08 23:54:29
150,CBS News,"For a TV anchor who covered the opioid crisis for years, the story becomes personal https://t.co/5hthHHbceP https://t.co/4JpUlbVC41",-0.6249,0.0,0.785,0.215,2018-09-09 02:18:03
453,The New York Times,Naomi Osaka Beats Serena Williams in a U.S. Open Final Marred by Boos and Tears https://t.co/VTC41Kx9ku,-0.2263,0.0,0.881,0.119,2018-09-09 04:32:13
149,CBS News,"Stephen Colbert urges Trump to flee the White House, criticizes New York Times op-ed writer https://t.co/qfZc4bdRd6 https://t.co/Fkg92NvoeX",-0.34,0.0,0.87,0.13,2018-09-09 06:48:04
452,The New York Times,"A crafty man-eating tiger on the loose, like the one who has killed 13 people in central India, sounds like somethi‚Ä¶ https://t.co/LhwPJI5ixQ",-0.4215,0.174,0.59,0.236,2018-09-09 10:30:07
148,CBS News,Crohn's disease patients test experimental stem cell treatment https://t.co/3uH0ygzTgC https://t.co/08xdIDjuDc,0.0,0.0,1.0,0.0,2018-09-09 11:48:03
7,BBC,"üé∂üé§How well do you know your 90s boy bands and girl groups? Test your knowledge ‚û°Ô∏è

https://t.co/5FhHCSMkf0 https://t.co/rd3tkjSJoM",0.2732,0.104,0.896,0.0,2018-09-09 14:35:05
147,CBS News,"Sen. Mark Warner tells @FaceTheNation about the Mueller investigation: ""The fact that Vice President Pence is coope‚Ä¶ https://t.co/ljlVDmddUT",0.0,0.0,1.0,0.0,2018-09-09 15:03:10
451,The New York Times,"RT @nytimesworld: The absence of ICBMs in the North Korean military parade is an encouraging signal for Washington, which is urging Kim Jon‚Ä¶",0.5267,0.134,0.866,0.0,2018-09-09 15:53:54
207,CNN Breaking News,"Serena Williams was fined $17,000 for three code violations she got during her loss in the finals of the US Open‚Ä¶ https://t.co/Sbzjs4YwoU",-0.6908,0.0,0.778,0.222,2018-09-09 18:04:15
450,The New York Times,"In Opinion

Op-Ed contributor Eric Klinenberg writes, ""Libraries are being disparaged and neglected at precisely th‚Ä¶ https://t.co/LbMO3x1L0T",-0.7003,0.0,0.721,0.279,2018-09-09 20:30:05
146,CBS News,Sen. Mark Warner: Senate Intel likely won't release Russia report before midterms https://t.co/LffUPTN8kr https://t.co/PJRUJSxEWv,0.0,0.0,1.0,0.0,2018-09-09 21:49:33
449,The New York Times,Novak Djokovic Wins the U.S. Open for His 14th Grand Slam Title https://t.co/WWyMFcD9GD,0.6249,0.347,0.518,0.135,2018-09-09 23:51:34
448,The New York Times,RT @NYTStyles: üéµNEW YOOOOOOOORK üéµhttps://t.co/tGoEGoBVQh,0.0,0.0,1.0,0.0,2018-09-10 03:26:35
145,CBS News,Passage: Remembering Burt Reynolds https://t.co/kwYdyGUFqz https://t.co/uLOzPGwcuS,0.0,0.0,1.0,0.0,2018-09-10 04:03:03
447,The New York Times,"Wakako Yamauchi's plays drew on her own life of relocation, rootlessness, assimilation and internment during World‚Ä¶ https://t.co/RRGWuP3Hij",0.25,0.111,0.889,0.0,2018-09-10 07:30:10
144,CBS News,"Emmy wins usher 3 new members into elite ""EGOT"" club https://t.co/pJp43lfBFv https://t.co/7wBKUI7Gny",0.5719,0.27,0.73,0.0,2018-09-10 08:24:04
446,The New York Times,"RT @nytimesbusiness Harvard students demanded a ""living wage"" for campus workers. The university heeded the call an‚Ä¶ https://t.co/VEF9LWUuzu",-0.2263,0.0,0.894,0.106,2018-09-10 11:30:07
143,CBS News,Stand Up To Cancer raises record $123M in pledges from U.S. and Canada https://t.co/CbO7yjjZjZ https://t.co/dIZI7G4ky4,-0.6597,0.0,0.761,0.239,2018-09-10 13:44:36
445,The New York Times,"The NFL has a new tackling rule, turning some of the most routine tackles into penalties. But how did the new rule‚Ä¶ https://t.co/NeDhrUDExy",0.0,0.0,1.0,0.0,2018-09-10 16:00:11
6,BBC,RT @bbcthree: Lucy was 22 and studying to become a nurse. This is her story. #WorldSuicidePreventionDay https://t.co/jSQugzd4BV,0.0,0.0,1.0,0.0,2018-09-10 16:23:57
142,CBS News,Sarah Huckabee Sanders says Justice Department could be justified in looking into anonymous Trump official op-ed if‚Ä¶ https://t.co/ZmWzaCPB6n,0.7269,0.276,0.724,0.0,2018-09-10 18:56:38
444,The New York Times,"‚ÄúI believe that in this century, we can win a 4-day working week, with decent pay for everyone"": A British labor or‚Ä¶ https://t.co/ivyHGekaai",0.5267,0.157,0.785,0.058,2018-09-10 19:45:09
141,CBS News,"BRINGING IT HOME: A Mississippi teen was crowned her high school's homecoming queen Friday night, then scored the g‚Ä¶ https://t.co/iRhPrLppll",0.0,0.0,1.0,0.0,2018-09-10 23:09:20
443,The New York Times,"RT @mschwirtz: Reporting this story w @EllenBarryNYT required 5 trips to Salisbury, 2 to Russia, 2 to Spain, 3 to Prague, 1 to Estonia and‚Ä¶",0.0,0.0,1.0,0.0,2018-09-11 00:17:05
140,CBS News,Mayor bans city clubs from buying Nike products amid debate over Kaepernick ad https://t.co/39J4IOrGbL https://t.co/PmlyAuXWkY,0.0,0.0,1.0,0.0,2018-09-11 04:48:04
442,The New York Times,Young winemakers are proving that you can make great wines even if you don't have a lot of money and an inherited v‚Ä¶ https://t.co/qOTuWjuCUG,0.6249,0.157,0.843,0.0,2018-09-11 05:00:03
139,CBS News,Equifax data breach was a year ago ‚Äì what has DC done about it? https://t.co/Um7nzJDScI https://t.co/4E8dlDCYNq,0.0,0.0,1.0,0.0,2018-09-11 09:26:05
441,The New York Times,"RT @nytmedia: Our @koblin writes that Leslie Moonves made his name as a programmer of shows with clear-cut villains and heroes. On Sunday,‚Ä¶",-0.2732,0.119,0.722,0.159,2018-09-11 10:00:23
138,CBS News,"FBI Director Christopher Wray: ""Terrorism today moves at the speed of social media"" https://t.co/1l6yh9pfyG https://t.co/m95UWpRz81",-0.6808,0.0,0.753,0.247,2018-09-11 12:39:53
440,The New York Times,Primary season was full of surprises. Here's why the polls missed some of them. https://t.co/n8imUzPxe5 https://t.co/U6jo41dwPf,-0.0772,0.105,0.773,0.122,2018-09-11 14:44:03
137,CBS News,Rare video from ground zero on 9/11: Only 29 minutes passed between the two World Trade Center towers falling. Phot‚Ä¶ https://t.co/WlTtFytASs,-0.1531,0.0,0.926,0.074,2018-09-11 15:44:41
206,CNN Breaking News,A mandatory evacuation is ordered for all of North Carolina's barrier islands as Hurricane Florence approaches. Fol‚Ä¶ https://t.co/NuqZA0JLWz,-0.0516,0.073,0.843,0.084,2018-09-11 17:48:01
439,The New York Times,A youth worker at an Arizona shelter for migrant children has been convicted of sexually abusing teenagers under hi‚Ä¶ https://t.co/P2LbSdAIpB,-0.4588,0.0,0.857,0.143,2018-09-11 18:00:08
136,CBS News,"International Space Station commander says his crew had nothing to do with causing a recent leak, which Russia blam‚Ä¶ https://t.co/aPenw6r4pc",-0.34,0.0,0.882,0.118,2018-09-11 19:30:50
438,The New York Times,"2 days ahead of New York's primary election, we checked in with Cynthia Nixon https://t.co/AdSCRd8PzL",0.0,0.0,1.0,0.0,2018-09-11 22:47:05
135,CBS News,"REMEMBERING 9/11: The nearly 3,000 people killed in the New York, Washington, D.C., and Shanksville, PA attacks are‚Ä¶ https://t.co/FmwfJq6Z6e",-0.8126,0.0,0.697,0.303,2018-09-11 22:59:08
437,The New York Times,See full results and maps from the New Hampshire primaries here: https://t.co/YVIAHnb3Jc,0.0,0.0,1.0,0.0,2018-09-12 02:41:00
134,CBS News,"""Holy place"": New York City marks 9/11 anniversary https://t.co/w9wtQ6yxz1 https://t.co/iaamrZKZwd",0.0,0.0,1.0,0.0,2018-09-12 04:18:03
436,The New York Times,"As the Hungarian prime minister built an ‚Äúilliberal state,‚Äù creating a template for the far right, Europe‚Äôs leading‚Ä¶ https://t.co/Y3njBVeSOV",0.296,0.115,0.885,0.0,2018-09-12 07:00:04
133,CBS News,"""Tent City"" for unaccompanied migrants to expand, remain open through the end of the year https://t.co/NBPCJlbWSq https://t.co/m3Tgz5BkPT",0.3182,0.126,0.874,0.0,2018-09-12 08:33:04
5,BBC,"üêªüçÅThis year's #Autumnwatch will take the team to New England, bringing you the most spectacular of seasons in four‚Ä¶ https://t.co/lFI4SoY2yL",0.0,0.0,1.0,0.0,2018-09-12 09:02:01
132,CBS News,"""I ain't using that no more"": Alabama pastor cuts up Nike gear during sermon, as congregation cheers and laughs‚Ä¶ https://t.co/cn9hLrti4z",0.4191,0.206,0.703,0.091,2018-09-12 11:59:38
435,The New York Times,"Your daily @DealBook Briefing:

‚Ä¢ Goldman's future C.E.O. urged a whistle-blower to stay quiet.

‚Ä¢ It's iPhone day.‚Ä¶ https://t.co/MzXX5ZnvrH",0.0,0.0,1.0,0.0,2018-09-12 12:00:02
434,The New York Times,"Officials said that the level of median household income in 2017 was roughly the same as in 2007, the last full yea‚Ä¶ https://t.co/7Gh2bLSd48",0.0,0.0,1.0,0.0,2018-09-12 15:06:19
131,CBS News,"What will Apple unveil in its event today? Expect new Macs, a bigger Apple Watch and a supersized iPhone‚Ä¶ https://t.co/nO5uSS4FPU",0.0,0.0,1.0,0.0,2018-09-12 16:59:43
433,The New York Times,The Rhode Island primary elections are today. Follow along with the results here: https://t.co/Bb6CI8y6ko,0.0,0.0,1.0,0.0,2018-09-12 18:35:02
205,CNN Breaking News,"Correction: Georgia is the fifth state to declare a state of emergency, joining North Carolina, South Carolina, Vir‚Ä¶ https://t.co/NYteN58bar",-0.3818,0.0,0.867,0.133,2018-09-12 19:49:29
130,CBS News,"Viola Davis might have gotten an Oscar nomination for 2012's ""The Help,"" but she says she regrets her role in the f‚Ä¶ https://t.co/YE9E6Nytld",-0.5023,0.0,0.871,0.129,2018-09-12 21:30:49
432,The New York Times,"Doctor, Chinese refugee, Rhodes Scholar. Meet Planned Parenthood's new president. https://t.co/RBc6F1nbq2",0.0,0.0,1.0,0.0,2018-09-12 22:00:15
129,CBS News,"By the end, Sen. John McCain had rejected President Trump. Now, his best friend in the Senate, Sen. Lindsey Graham,‚Ä¶ https://t.co/hYAfQ4TDgo",0.6249,0.258,0.627,0.115,2018-09-13 01:14:50
431,The New York Times,"RT @cliffordlevy: NYT Scoop:
A former aide to Gov. Andrew Cuomo created the false flier suggesting that his primary opponent, Cynthia Nixon‚Ä¶",0.3818,0.159,0.841,0.0,2018-09-13 01:52:03
430,The New York Times,"The Trump administration has signaled a new phase in its confrontation with Iran, threatening to retaliate for atta‚Ä¶ https://t.co/8GbUUjPAo0",-0.6908,0.0,0.737,0.263,2018-09-13 05:45:09
128,CBS News,"Amazon's patent for caging workers was ""bad"" idea, exec admits https://t.co/yoEdq0hbR8 https://t.co/MyRUWII9fZ",0.296,0.167,0.833,0.0,2018-09-13 05:48:04
429,The New York Times,Morning¬†Briefing: Here's what you need to know to start your day https://t.co/403gQ54eDX https://t.co/Ko8rtA3ezL,0.0,0.0,1.0,0.0,2018-09-13 10:05:06
127,CBS News,Florence has been downgraded to a Category 2 hurricane as it approaches North and South Carolina https://t.co/eh0pfjMJsE,0.0,0.0,1.0,0.0,2018-09-13 10:19:48
126,CBS News,"FEMA Administrator: ""This is a very dangerous storm. We call them disasters because they break things. The infrastr‚Ä¶ https://t.co/SRcDe6P3w3",-0.7902,0.0,0.696,0.304,2018-09-13 13:39:09
428,The New York Times,Many late-night hosts said they were worried about President Trump's ability to respond to Hurricane Florence. Here‚Ä¶ https://t.co/lnRjzC8efI,0.0258,0.112,0.78,0.107,2018-09-13 13:40:05
125,CBS News,FBI Director Christopher Wray says China is agency's top counterintelligence priority (via @CBSThisMorning)‚Ä¶ https://t.co/ZSqhIXPQrQ,0.2023,0.122,0.878,0.0,2018-09-13 15:29:43
4,BBC,"It's impossible to watch this without laughing! üòÇ

A Scottish Granny has gone viral after she REALLY enjoyed readin‚Ä¶ https://t.co/rGzHqvqOSj",0.7087,0.264,0.595,0.142,2018-09-13 16:03:03
427,The New York Times,"10 years after the financial crisis, banks know how to resist change https://t.co/LcAJyXVEXY",-0.6249,0.0,0.745,0.255,2018-09-13 16:45:04
124,CBS News,"‚Äú‚Ä¶We take the lessons learned from last year, although it was a phenomenal, robust response, we can always learn fr‚Ä¶ https://t.co/Fz6cSIjX9O",0.34,0.112,0.888,0.0,2018-09-13 20:39:40
426,The New York Times,"These cuts of butcher's steak are great with little more than salt and pepper, so you can truly assess their flavor‚Ä¶ https://t.co/LIZaOdG1VH",0.7239,0.255,0.668,0.077,2018-09-13 21:00:12
204,CNN Breaking News,Hurricane-force wind gusts are beginning to be felt along the central North Carolina coast and water levels are inc‚Ä¶ https://t.co/S5fzztkzB1,0.0,0.0,1.0,0.0,2018-09-13 22:30:28
425,The New York Times,First election results are coming in from the New York primary. Follow the vote here. https://t.co/ehvpasuMxO,0.0,0.0,1.0,0.0,2018-09-14 01:06:01
123,CBS News,HAPPENING NOW: NC emergency management officials provide updates on Hurricane Florence. https://t.co/aZZcUgx6ez https://t.co/HMbWCTb8EL,-0.3818,0.0,0.822,0.178,2018-09-14 01:11:52
424,The New York Times,RT @jswatz: The NYT lifted its paywall for coverage of Hurricane Florence and Typhoon Mangkhut. Find it here:  https://t.co/tjOtLsR8AG http‚Ä¶,0.0,0.0,1.0,0.0,2018-09-14 04:30:58
122,CBS News,Nursing homes evacuate as Hurricane Florence fuels flooding fears https://t.co/855Xzqis0V https://t.co/QCjXC5dAe4,-0.4215,0.0,0.781,0.219,2018-09-14 06:03:03
423,The New York Times,"""He‚Äôs over in Rome, like he‚Äôs going to solve all the problems,‚Äù an abuse victims advocate said of Cardinal Daniel N‚Ä¶ https://t.co/CRXOFxtSMz",-0.4939,0.149,0.625,0.226,2018-09-14 08:50:24
121,CBS News,Global Climate Action Summit puts stress on action https://t.co/inyOduaYuD https://t.co/v0svVHXAzs,-0.4215,0.0,0.763,0.237,2018-09-14 10:00:36
120,CBS News,UPDATE: Police say 150-200 residents have already been rescued in New Bern and about 100 are awaiting rescue‚Ä¶ https://t.co/5wCf0uKLDt,0.4215,0.135,0.865,0.0,2018-09-14 11:27:37
422,The New York Times,"Super Typhoon Mangkhut, the equivalent of a Category 5 hurricane, churns its way toward the northern Philippines https://t.co/BP1Jddy99x",0.5994,0.206,0.794,0.0,2018-09-14 12:30:03
119,CBS News,"""For those citizens who did not heed the evacuation warnings, it is time to stay where you are and do the best you‚Ä¶ https://t.co/r6lCYscxAA",0.4588,0.148,0.775,0.077,2018-09-14 13:31:58
421,The New York Times,"""In that moment, it also became a story about helplessness and what hurricanes take from us"": New York Times report‚Ä¶ https://t.co/6vWGccfmsS",-0.4767,0.0,0.86,0.14,2018-09-14 15:45:04
118,CBS News,"Chicago police officer picks jury trial in Laquan McDonald's shooting death
https://t.co/Lqe5yNzafC https://t.co/WueXWFLDRE",-0.5994,0.0,0.755,0.245,2018-09-14 16:49:40
420,The New York Times,Americans' household incomes are finally returning to their pre-recession heights. But 2 groups in America have bee‚Ä¶ https://t.co/zl3qNg7P6H,0.0,0.0,1.0,0.0,2018-09-14 19:15:06
203,CNN Breaking News,"A mother and her infant child killed by a falling tree in Wilmington, North Carolina, are the first fatalities from‚Ä¶ https://t.co/TFekOBMf6w",-0.875,0.0,0.615,0.385,2018-09-14 19:23:21
117,CBS News,"For the first time ever, fake TripAdvisor reviews have landed someone in jail https://t.co/ThHmBhCxNx https://t.co/KNoUhDm8cr",-0.4767,0.0,0.819,0.181,2018-09-14 21:39:52
419,The New York Times,RT @dagnysalas: Catch up on everything from @nytimes on the big storms hitting the East Coast of the United States and the Philippines http‚Ä¶,0.4215,0.109,0.891,0.0,2018-09-14 22:32:06
418,The New York Times,RT @NYTScience: It's been almost one year since we said goodbye to the Cassini mission to Saturn. We recommend looking at this on the bigge‚Ä¶,0.3612,0.094,0.906,0.0,2018-09-15 03:17:06
116,CBS News,Florence batters North Carolina coast https://t.co/JbgLSlWS29 https://t.co/uQon9Qatr0,0.0,0.0,1.0,0.0,2018-09-15 04:03:04
3,BBC,"Commuters applying make-up is a major source of irritation to some train passengers. 

But what's the problem, and‚Ä¶ https://t.co/8mJ0XKWGH1",-0.6908,0.0,0.737,0.263,2018-09-15 08:02:07
417,The New York Times,RT @nytimesworld: The Kremlin apparently dispatched two spies on a cyber attack mission against the Swiss lab that analyzed the nerve agent‚Ä¶,-0.4767,0.0,0.866,0.134,2018-09-15 08:32:02
115,CBS News,"""Vampire facials"" at New Mexico spa may have exposed customers to HIV https://t.co/FPuLAcVHNp https://t.co/aDGhppqL2X",-0.0772,0.0,0.909,0.091,2018-09-15 08:48:03
416,The New York Times,"Florence continued its torrential roll through the Carolinas on Saturday, with winds blowing up to 50 miles an hour https://t.co/YTBFKVALRa",0.0,0.0,1.0,0.0,2018-09-15 13:50:07
114,CBS News,Final Delta 2 rocket launches $1 billion ice probe https://t.co/Kywo0Cji1H https://t.co/dXakRQpKuC,0.0,0.0,1.0,0.0,2018-09-15 14:00:01
415,The New York Times,How a Ukrainian hairdresser became a front for Paul Manafort https://t.co/ycNdmU8k1b https://t.co/2RNKoQPdTu,0.0,0.0,1.0,0.0,2018-09-15 18:30:10
113,CBS News,"Mayor says it could take weeks to restore power to Wilmington, North Carolina, one of the areas hit hardest by Flor‚Ä¶ https://t.co/skWLg2b3ZE",0.296,0.095,0.905,0.0,2018-09-15 20:19:39
414,The New York Times,"When a flight is delayed or cancelled, you're typically at the mercy of the airline, but here's some tips on mitiga‚Ä¶ https://t.co/fEvilgTdmJ",-0.0516,0.077,0.793,0.13,2018-09-15 22:24:40
112,CBS News,"Pope Francis tells Sicily's Mafia: ""Quit thinking about yourselves and your money"" https://t.co/5JRc02CEzF https://t.co/G8qDtLup86",0.0,0.0,1.0,0.0,2018-09-16 01:14:07
413,The New York Times,"Our 52 Places Traveler visits Prague: ""By the time I left, I felt grateful to have glimpsed a tiny slice of the cre‚Ä¶ https://t.co/59IFXzOkHN",0.4588,0.13,0.87,0.0,2018-09-16 03:14:08
111,CBS News,Fact check: Is Trump's economy stronger than Obama's? https://t.co/R8cqcIu66C https://t.co/0Utxneaax1,0.3818,0.224,0.776,0.0,2018-09-16 05:33:04
412,The New York Times,Looking at the 2018-19 TV schedule is like flipping the dials on a time machine https://t.co/Hjw2awQgqB,0.3612,0.152,0.848,0.0,2018-09-16 07:33:34
110,CBS News,Mom who was activist against MS-13 killed at daughter's memorial https://t.co/GFg9B2Ei7e https://t.co/OxFND7lk0l,-0.6705,0.0,0.71,0.29,2018-09-16 10:33:04
2,BBC,"This is unbelievable! üëïüì≤Ô∏è‚öΩÔ∏è

Sam is 17 and sells clothes to the likes of @paulpogba, @kylewalker2 and @aubameyang7.

https://t.co/OcXmoK4IlQ",0.5983,0.223,0.777,0.0,2018-09-16 13:02:01
411,The New York Times,Tropical Depression Florence Updates: Rivers Swell as Death Toll Rises https://t.co/6jfBtxEC6W,-0.8225,0.0,0.542,0.458,2018-09-16 13:07:10
109,CBS News,"North Carolina Sen. Thom Tillis tells @FaceTheNation that senators will ""take a look"" at sexual misconduct allegati‚Ä¶ https://t.co/JFo99LMvRb",0.0,0.0,1.0,0.0,2018-09-16 14:58:33
410,The New York Times,"RT @NYTmag: First, Vanessa Prager made a painting of Maya Rudolph. 
Then parts of the painting were cut out (the face, a hand, a leg) for t‚Ä¶",0.2732,0.117,0.806,0.077,2018-09-16 17:55:04
108,CBS News,Inside MIT's 'Future Factory': A student in MIT‚Äôs Media Lab developed a way to surf the internet with his mind. Fin‚Ä¶ https://t.co/FGde4TzSNt,0.0,0.0,1.0,0.0,2018-09-16 21:54:32
409,The New York Times,There is something different about the Democratic candidates and message aimed at union votes this time around. Cal‚Ä¶ https://t.co/13X1Y7jG5Q,0.0,0.0,1.0,0.0,2018-09-16 22:00:14
202,CNN Breaking News,The remnants of Florence continue to drop catastrophic amounts of rain in the Carolinas. At least 16 people are dea‚Ä¶ https://t.co/AG3HNr1OIG,-0.6486,0.0,0.782,0.218,2018-09-16 22:47:36
408,The New York Times,Typhoon Mangkhut Slams Hong Kong and Southern China https://t.co/sV9mOZ2XPx,0.0,0.0,1.0,0.0,2018-09-17 01:30:29
107,CBS News,"Deadly shark attack in Cape Cod, first in over 80 years https://t.co/Bh2Ks0wouj https://t.co/D1FVYZAg38",-0.4767,0.0,0.795,0.205,2018-09-17 04:03:03
407,The New York Times,"With the deal for Time, the Benioffs have picked up one of the most storied ‚Äî but struggling ‚Äî publications in the‚Ä¶ https://t.co/A3h9pSGKYQ",-0.6243,0.0,0.83,0.17,2018-09-17 06:00:06
106,CBS News,"Lehman Brothers is long gone, but the economic rot lingers https://t.co/tJkFBhbtOA https://t.co/Ez8YEXuH7O",0.0,0.0,1.0,0.0,2018-09-17 08:48:03
406,The New York Times,"There has been another huge misinformation campaign online before an election, this time in Macedonia, and the U.S.‚Ä¶ https://t.co/I2qWkVCs9B",0.0,0.106,0.787,0.106,2018-09-17 10:30:10
105,CBS News,Wyoming officials trapped and killed two grizzly bears they believe killed a hunting outfitter and injured his clie‚Ä¶ https://t.co/bOep9o1Oin,-0.9442,0.0,0.481,0.519,2018-09-17 11:34:55
405,The New York Times,RT @TimHerrera: We all want to be charming talkers who can work a room. Here are 3 steps to becoming one. https://t.co/J7A5E01AZy,0.6249,0.221,0.779,0.0,2018-09-17 14:38:01
104,CBS News,CIRCUS CHAOS: Disturbing video shows an unruly camel charge toward the audience at a Pittsburgh circus as a woman c‚Ä¶ https://t.co/byrG2RTs4t,-0.8286,0.0,0.687,0.313,2018-09-17 16:00:29
404,The New York Times,"RT @NYTmag: In the long-awaited final volume of his epic novel, Karl Ove Knausgaard confronts the central mystery of autobiographical ficti‚Ä¶",0.1027,0.099,0.819,0.082,2018-09-17 17:48:02
1,BBC,University Challenge icons @e_monkman and @Bobby_Seagull road trip around Britain in search of hidden gems of Briti‚Ä¶ https://t.co/ehTKqStAoJ,0.0772,0.071,0.929,0.0,2018-09-17 18:04:04
0,BBC,University Challenge icons @e_monkman and @Bobby_Seagull road trip around Britain in search of hidden gems of Briti‚Ä¶ https://t.co/ehTKqStAoJ,0.0772,0.071,0.929,0.0,2018-09-17 18:04:04
103,CBS News,"Elon Musk sued by British diver he accused of being a pedophile. Musk defended the accusation last month by saying,‚Ä¶ https://t.co/phRq55w5td",-0.4939,0.0,0.811,0.189,2018-09-17 20:09:32
403,The New York Times,"""I like how she stood up for herself."" Sonia Sotomayor got an enthusiastic response from kids, especially Hispanic‚Ä¶ https://t.co/OaHePWYwkD",0.6908,0.251,0.749,0.0,2018-09-17 21:10:04
102,CBS News,"Tyson Foods CEO Tom Hayes departs after two years for ""personal reasons"" https://t.co/POQ3RagmFR https://t.co/j611xlt7We",0.0,0.0,1.0,0.0,2018-09-17 23:39:30
402,The New York Times,"Elon Musk welcomed a lawsuit from the British caver he had accused of pedophilia. On Monday, Musk got his wish. https://t.co/Vlq2pPrHtZ",0.25,0.202,0.635,0.163,2018-09-18 01:32:04
201,CNN Breaking News,"RT @CNN: ""Game of Thrones"" wins outstanding drama series at the #Emmys https://t.co/gxHaswHPnK https://t.co/NiY32saMg0",0.8271,0.391,0.609,0.0,2018-09-18 03:13:05
200,CNN Breaking News,"RT @CNN: ""Game of Thrones"" wins outstanding drama series at the #Emmys https://t.co/gxHaswHPnK https://t.co/NiY32saMg0",0.8271,0.391,0.609,0.0,2018-09-18 03:13:05
401,The New York Times,"One study of tire tariffs found in a single year, 2011, Americans spent an extra $1.1 billion on tires as a result‚Ä¶ https://t.co/wygBMLTHf4",0.0,0.0,1.0,0.0,2018-09-18 05:02:03
400,The New York Times,"One study of tire tariffs found in a single year, 2011, Americans spent an extra $1.1 billion on tires as a result‚Ä¶ https://t.co/wygBMLTHf4",0.0,0.0,1.0,0.0,2018-09-18 05:02:03
100,CBS News,"Trump orders DNI, DOJ to declassify documents related to Russia investigation https://t.co/zsT9lbEeT4 https://t.co/1exU2PBRtu",0.0,0.0,1.0,0.0,2018-09-18 05:03:04
101,CBS News,"Trump orders DNI, DOJ to declassify documents related to Russia investigation https://t.co/zsT9lbEeT4 https://t.co/1exU2PBRtu",0.0,0.0,1.0,0.0,2018-09-18 05:03:04
300,Fox News,"FLORENCE AFTERMATH: Fox News drone footage captured the devastation in North Carolina, from homes underwater to roa‚Ä¶ https://t.co/z3bkAeaugS",-0.4215,0.0,0.859,0.141,
301,Fox News,"FLORENCE AFTERMATH: Fox News drone footage captured the devastation in North Carolina, from homes underwater to roa‚Ä¶ https://t.co/z3bkAeaugS",-0.4215,0.0,0.859,0.141,
302,Fox News,.@buffalobills player Taiwan Jones left bloodied after tackle https://t.co/xgPyFn0NCR,0.0,0.0,1.0,0.0,
303,Fox News,'Black-ish' actress Jenifer Lewis dons Nike sweatshirt at Emmy Awards https://t.co/sYTa8yR1rl,0.4588,0.231,0.769,0.0,
304,Fox News,"Health officials: Hurricane Florence could leave deadly diseases, illnesses in its wake https://t.co/nLQgGMcchA",-0.5267,0.0,0.714,0.286,
305,Fox News,A weakened Florence continues destructive path to the northeast. https://t.co/oVX8BP07Wt,-0.743,0.0,0.526,0.474,
306,Fox News,New Ram Midsize pickup to be built in USA https://t.co/LimGx8o5lU,0.0,0.0,1.0,0.0,
307,Fox News,Attorney General Jeff Sessions delivers remarks at the Justice Department's Forum on Free Speech in Higher Educatio‚Ä¶ https://t.co/XclfXxEU30,0.7717,0.295,0.705,0.0,
308,Fox News,Strzok-Page texts calling to 'open' case in 'chargeable way' under fresh scrutiny https://t.co/qqSysBS6HN,0.3182,0.161,0.839,0.0,
309,Fox News,".@JenKernsUSA: ""It's very clear at the time that Special Counsel Robert Mueller was appointed, that no one at the h‚Ä¶ https://t.co/WcbJjnnmTq",0.5256,0.217,0.698,0.085,
310,Fox News,"On @foxandfriends, @GovMikeHuckabee said he believed ""things have gone pretty well the past year and a half"" with‚Ä¶ https://t.co/nTb08LrcMs",0.6486,0.249,0.751,0.0,
311,Fox News,Alleged 'looters' in Florence-ravaged North Carolina sought by police https://t.co/Ay0ML53Wrh,0.0,0.0,1.0,0.0,
312,Fox News,California professor Christine Ford claims Kavanaugh sexually assaulted her: 'It derailed me' https://t.co/BVGmNJNWON,-0.7003,0.0,0.655,0.345,
313,Fox News,Buffalo Bills CB Vontae Davis reportedly retires at halftime of game. https://t.co/03hjCnfY7X,0.0,0.0,1.0,0.0,
314,Fox News,Syria is accusing Israel of airstrikes near the Damascus International Airport. @TreyYingst reports. https://t.co/K3pLwVIar4,-0.1779,0.0,0.884,0.116,
315,Fox News,"London mayor calls for second referendum on Brexit, says negotiations are 'mired in confusion' https://t.co/Hpbs3MhrE9",-0.296,0.0,0.864,0.136,
316,Fox News,.@adrienneelrod: ‚ÄúWe should be delaying this nomination until we get more information that comes out.‚Äù #MediaBuzz‚Ä¶ https://t.co/JMlGoec2uL,0.0,0.0,1.0,0.0,
317,Fox News,RT @FoxNewsSunday: On Government response to #FlorenceHurricane2018 @SenThomTillis tells Chris: I‚Äôm proud of what they‚Äôve done‚Ä¶I think Nort‚Ä¶,0.4767,0.154,0.846,0.0,
318,Fox News,"Boy brings cocaine-filled balloons to school, sending 13 kids to hospital, authorities say https://t.co/OIuNRp5Yn6",0.0,0.0,1.0,0.0,
319,Fox News,"‚ÄúThis is absolutely AMAZING!‚Äù Donations from around the country poured in for an animal shelter in Greenville, Sout‚Ä¶ https://t.co/xt3J9eVxLH",0.0,0.0,1.0,0.0,
320,Fox News,Family of Elizabeth Smart kidnapper says they won't take in felon when she's released https://t.co/v5QTyAbqoH,0.4019,0.162,0.838,0.0,
321,Fox News,Country star Alan Jackson's son-in-law dies after slipping on boat dock https://t.co/SMpLmbHyM3,0.0,0.0,1.0,0.0,
322,Fox News,Florence's death toll is now at least 11; soaking rains continue to fall https://t.co/FNVI7FrEkX,-0.5994,0.0,0.769,0.231,
323,Fox News,President @realDonaldTrump has approved North Carolina's disaster declaration for Florence; @kevincorke reports.‚Ä¶ https://t.co/ZhulXB4sHh,-0.3182,0.156,0.615,0.229,
324,Fox News,Cruz challenger O'Rourke calls for firing of Dallas cop after apartment shooting death https://t.co/oY5DGeHyHs,-0.7003,0.08,0.585,0.335,
325,Fox News,Florence's path: Track the tropical storm here https://t.co/w7u1Z3c3ZA,0.0,0.0,1.0,0.0,
326,Fox News,.@dbongino: ‚ÄúHow is John Kerry not guilty of a Logan Act violation?‚Äù https://t.co/4rStvpgJ6K,0.3252,0.175,0.825,0.0,
327,Fox News,"Tropical Storm Florence: @GriffJenkins has the latest on the deadly storm from Morehead City, North Carolina‚Ä¶ https://t.co/TDX0rhYwUi",0.0,0.0,1.0,0.0,
328,Fox News,"A man and his kitten ""Survivor"" are rescued from floodwaters after Florence dumped several inches of rain in the ar‚Ä¶ https://t.co/jehJlHRO6R",0.0258,0.119,0.766,0.115,
329,Fox News,"""Don't let your guard down now...this is not over yet."" 

@RedCross spokesperson Betsy Johnson discusses the impact‚Ä¶ https://t.co/o20nFk1fx7",0.0,0.0,1.0,0.0,
330,Fox News,Firefighters knelt and prayed outside of a North Carolina home where a mother and child were killed during Florence‚Ä¶ https://t.co/UOw4tHTZm3,-0.6705,0.0,0.791,0.209,
331,Fox News,"Competitive Texas Senate race sparks spending war between Cruz, O'Rourke https://t.co/uZuodg9ive",-0.4939,0.116,0.616,0.267,
332,Fox News,Firefighters knelt and prayed outside of a North Carolina home where a mother and child were killed during‚Ä¶ https://t.co/3tjKyD1lDc,-0.6705,0.0,0.78,0.22,
333,Fox News,".@USNavy veteran, 93, survives flesh-eating bacteria https://t.co/F97IuilinI",0.0,0.0,1.0,0.0,
334,Fox News,The island of Carolina Beach is completely without power as #HurricaneFlorence2018 batters the area; Jeff Flock rep‚Ä¶ https://t.co/MfIS6xXQ3N,0.0,0.0,1.0,0.0,
335,Fox News,Baristas to cover up after backlash against bikini coffee shop https://t.co/iS3ndVmJoY,0.0,0.0,1.0,0.0,
336,Fox News,"An American flag held strong in Cape Fear, North Carolina, Thursday as whipping winds from Hurricane Florence moved‚Ä¶ https://t.co/EDqakz4MYe",0.0258,0.14,0.723,0.136,
337,Fox News,JUST IN: Hurricane Florence makes landfall in North Carolina as Category 1 storm https://t.co/0kBAMOAm29,0.0,0.0,1.0,0.0,
338,Fox News,"BREAKING: Nearly 200,000 reportedly without power as Hurricane Florence batters North Carolina. https://t.co/dLClh5zYd3",0.0,0.0,1.0,0.0,
339,Fox News,Hurricane Florence's path: Track the storm here https://t.co/SZKYhx1NPJ,0.0,0.0,1.0,0.0,
340,Fox News,FEMA's deliberate Hurricane Florence tough talk aimed at getting residents to evacuate. https://t.co/44T71cTpXE,-0.128,0.0,0.889,0.111,
341,Fox News,.@SecondLady wants to help ease burden for military spouses: ‚ÄúOur military spouses face some unique challenges.‚Äù‚Ä¶ https://t.co/lFlpjpXLmM,0.3182,0.235,0.633,0.131,
342,Fox News,"RT @FoxNewsResearch: Hurricane Maria 
- Puerto Rico impact
‚Ä¢Sept 20, 2017: Cat 4 landfall
‚Üí 2 weeks after Irma passed
‚Ä¢Every home/business‚Ä¶",0.0,0.0,1.0,0.0,
343,Fox News,"Ahead of Hurricane Florence, Carolinians ignore calls to evacuate for financial, employment reasons; Steve Harrigan‚Ä¶ https://t.co/tiHpJ9q3mU",-0.3612,0.0,0.857,0.143,
344,Fox News,"Gen. Terrence J. O'Shaughnessy on #HurricaneFlorence: ""We take the lessons learned from last year, though it was a‚Ä¶ https://t.co/DTdJX3ZBi2",0.0,0.0,1.0,0.0,
345,Fox News,North Carolina Governor @RoyCooperNC shared this message during a news conference earlier on Hurricane Florence.‚Ä¶ https://t.co/fwMufrqhd3,0.34,0.146,0.854,0.0,
346,Fox News,RT @FoxBusiness: National average gas price: https://t.co/AoWmu43Uo4,0.0,0.0,1.0,0.0,
347,Fox News,North Carolina Lt. Gov. Dan Forest: ‚ÄúI lost my own house two years ago in Hurricane Matthew.‚Äù https://t.co/a7PdYJgQu4,-0.3182,0.0,0.881,0.119,
348,Fox News,Key witness in casino fraud case found dead in creek https://t.co/I9sBIowWqf,-0.8442,0.0,0.526,0.474,
349,Fox News,Hurricane Florence puts 10M in crosshairs for historic surge; makes move toward Carolinas https://t.co/sfCUVX099M,0.0,0.0,1.0,0.0,
350,Fox News,Hurricane Florence's path: Track the storm here https://t.co/Cxaz1UgvYG,0.0,0.0,1.0,0.0,
351,Fox News,.@GovMikeHuckabee: ‚ÄúPeter Strzok has already disgraced himself.‚Äù https://t.co/16pOSrJorr,-0.4588,0.0,0.7,0.3,
352,Fox News,".@nikkihaley on @POTUS' foreign policy: ""We are no longer going to give money to people who are against the U.S.""‚Ä¶ https://t.co/Ab2Ppzj89a",-0.296,0.0,0.901,0.099,
353,Fox News,Georgia teen praised for saving two co-workers stabbed during robbery https://t.co/wxvLdyGXI0,0.0772,0.212,0.596,0.192,
354,Fox News,"Anheuser-Busch sending 300,000 cans of water to #HurricaneFlorence victims https://t.co/n7yP0YLCJK",-0.3182,0.0,0.796,0.204,
355,Fox News,".@nikkihaley on @POTUS' Iran policy: ""Nothing is going to fix Iran until Iran fixes itself."" #SpecialReport‚Ä¶ https://t.co/O2rHoY77fM",0.0,0.0,1.0,0.0,
356,Fox News,"The Carolina coast is bracing for #HurricaneFlorence. @RickLeventhal is live in Wrightsville Beach, N.C. with how r‚Ä¶ https://t.co/r1uosTu6GD",0.0,0.0,1.0,0.0,
357,Fox News,"Former @FEMA Administrator Paulison: ‚ÄúWhen things are down, Americans pitch in. That‚Äôs what I‚Äôm very proud of. We‚Äôr‚Ä¶ https://t.co/8k75W0LFbM",0.5256,0.159,0.841,0.0,
358,Fox News,OPINION: Marc Thiessen: Democrats like to talk about Trump breaking norms. Now Obama is https://t.co/YP9oiZULF3,0.3612,0.152,0.848,0.0,
359,Fox News,Pima County Sheriff Mark Napier: ‚ÄúIt isn‚Äôt about the issue of illegal immigration in as much as it‚Äôs about public s‚Ä¶ https://t.co/YcTYcKsblo,-0.5574,0.0,0.854,0.146,
360,Fox News,Alabama pastor cuts up Nikes during sermon in Kaepernick protest https://t.co/yFQx8WFMVE,-0.4939,0.0,0.682,0.318,
361,Fox News,John Fund: NH Primary sets up House race that will make history https://t.co/rqFyHmAL2D,0.6037,0.247,0.753,0.0,
362,Fox News,"""I can hear you! The rest of the world hears you‚Ä¶and the people who knocked these buildings down will hear all of u‚Ä¶ https://t.co/1Z4G90A2TH",0.0,0.0,1.0,0.0,
363,Fox News,.@RepScottTaylor on preparing for Hurricane Florence @foxnewsnight https://t.co/bIrCxjZ25w,0.0,0.0,1.0,0.0,
364,Fox News,".@Mark_Penn: ""There doesn't seem to be either a Democratic message, or particularly a Republican message as we go i‚Ä¶ https://t.co/PxApkT1NHa",0.0,0.0,1.0,0.0,
365,Fox News,Hurricane Florence to trigger mudslides? Why the storm's potential effect has scientists on edge. https://t.co/pjm887Btih,0.0,0.0,1.0,0.0,
366,Fox News,Millions of people in the Carolinas and Virginia are bracing for Hurricane Florence; @RickLeventhal is in Wrightsvi‚Ä¶ https://t.co/cocq2kGIiQ,0.0,0.0,1.0,0.0,
367,Fox News,".@POTUS on Hurricane Florence: ""We're as ready as anybody's ever been."" https://t.co/pSvkyPPl6d https://t.co/ZTTU2utUtu",0.3612,0.172,0.828,0.0,
368,Fox News,"Michigan Senate candidate @JohnJamesMI remembers the attacks 17 years later: ‚ÄúI went to West Point, and we didn‚Äôt k‚Ä¶ https://t.co/X8evJ7FgLy",-0.4404,0.0,0.868,0.132,
369,Fox News,".@POTUS: ‚ÄúToday we also think of the more than 200,000 service members now serving overseas, and we think of every‚Ä¶ https://t.co/75ErYhdY2z",0.0,0.0,1.0,0.0,
370,Fox News,"As 9/11 victims continue to come forward, officials and advocates fear Compensation Fund may dry up https://t.co/YekbGBdiYs",-0.6705,0.0,0.732,0.268,
371,Fox News,Stuart Varney: ‚ÄúThe economy really started to pick up steam when the president deregulated industry and when the pr‚Ä¶ https://t.co/efKMTiBDB1,0.0,0.0,1.0,0.0,
372,Fox News,TO THE RESCUE: A fawn stuck in a fence was freed after a little help from a friend. https://t.co/4GYGv84TEy,0.8772,0.502,0.415,0.083,
373,Fox News,.@WhiteHouseCEA Chairman Kevin Hassett discusses the state of recent economic trends and the impact of President‚Ä¶ https://t.co/zooUEQDgqQ,0.0,0.0,1.0,0.0,
374,Fox News,".@BrianBrenberg: ""This has been a blue-collar recovery...That's the kind of evidence that has voters in these place‚Ä¶ https://t.co/rOHygjU8Qb",0.0,0.0,1.0,0.0,
375,Fox News,Trump's Star Returns to Hollywood Walk of Fame After Being Smashed by Vandal. https://t.co/5rKHFjtUco,0.4404,0.182,0.818,0.0,
376,Fox News,Oscar De La Hoya says he's 'very seriously' considering a presidential run. (via @MRichardson713) https://t.co/9WngzPC611,-0.2484,0.0,0.867,0.133,
377,Fox News,"Airlines and cruise ships are preparing for Hurricane Florence, which is now a massive Category 4 storm. @SusanLiTV‚Ä¶ https://t.co/GZqRyuO4l9",0.0,0.0,1.0,0.0,
378,Fox News,OPINION: Rosh Hashana has a message for people of all faiths https://t.co/0I5rjwyTBY,0.4215,0.219,0.781,0.0,
379,Fox News,"Hurricane Helene strengthens off coast of Africa, churns in Atlantic https://t.co/X7AUiqQLNi",0.4588,0.231,0.769,0.0,
380,Fox News,Hurricane Florence could cause catastrophic damage to the Southeast and Mid-Atlantic while Olivia will impact Hawai‚Ä¶ https://t.co/jSGAAVbqXs,-0.7506,0.0,0.701,0.299,
381,Fox News,"Peter Morici: ""Income inequality is narrowing now that the Republicans are creating an opportunity economy.""‚Ä¶ https://t.co/uXsmmxg0BI",0.6124,0.263,0.737,0.0,
382,Fox News,"Ahead of the 17th anniversary of 9/11, the 'Tower of Voices' was erected in Shanksville, Pennsylvania, by the‚Ä¶ https://t.co/qI8ZEmHVrC",0.0,0.0,1.0,0.0,
383,Fox News,"Syria's Assad approves gas attack in Idlib despite warning, report says https://t.co/bkSQgD25ud",0.162,0.281,0.535,0.184,
384,Fox News,"Florence strengthens into a hurricane, threatens to hit Southeast US https://t.co/fKABDcV6ml https://t.co/MYVS2x49l0",0.1027,0.205,0.616,0.178,
385,Fox News,"Rochelle Sykes, aunt of teen murdered in Chicago: ""He wasn't in a gang, he didn't do drugs. What is it that he coul‚Ä¶ https://t.co/AJnyEkU6yi",-0.6597,0.0,0.833,0.167,
386,Fox News,Shark attacks 23-year-old surfer at Hawaii beach. https://t.co/t9i5ExcQtX,-0.4404,0.0,0.707,0.293,
387,Fox News,".@KatiePavlich on fallout of anonymous NYT op-ed: ""Politically, I don't think it was damaging at all."" #FNS https://t.co/WoBlvhrNVk",-0.5106,0.0,0.829,0.171,
388,Fox News,"TONIGHT: Don't miss ""Life, Liberty, &amp; Levin"" with @marklevinshow and special guest @jonvoight - Tune in at 10p ET o‚Ä¶ https://t.co/rvdlUEqJMy",0.0946,0.173,0.711,0.116,
389,Fox News,OPINION: National Truck Driver Appreciation Week: Let‚Äôs celebrate those who supply our lives and strengthen the eco‚Ä¶ https://t.co/f4UNIAtELj,0.8519,0.383,0.617,0.0,
390,Fox News,TODAY: @VP Mike Pence joins Chris Wallace for an interview on @FoxNewsSunday. Check your local listings and tune in‚Ä¶ https://t.co/n3PlDcHCAo,0.0,0.0,1.0,0.0,
391,Fox News,".@KatiePavlich: ""Being conservative is really just about making your own decisions, deciding on your own future and‚Ä¶ https://t.co/d8YERuacbi",0.0,0.0,1.0,0.0,
392,Fox News,".@RepDeSantis: ‚ÄúIf you have problems serving in the administration, the honorable thing to do is to tender your res‚Ä¶ https://t.co/K7yz5cAVPj",0.2023,0.145,0.744,0.112,
393,Fox News,.@POTUS Considers Using Military to Build Wall https://t.co/2NbRwTvcBP,0.0,0.0,1.0,0.0,
394,Fox News,SUNDAY: @VP Mike Pence joins Chris Wallace for an interview on @FoxNewsSunday. Check your local listings and tune i‚Ä¶ https://t.co/GMocs5pjxU,0.0,0.0,1.0,0.0,
395,Fox News,"In a special @IngrahamAngle town hall, Laura Ingraham delves into the reasons behind the staggering levels of viole‚Ä¶ https://t.co/Or7vWMBZd1",0.4019,0.137,0.863,0.0,
396,Fox News,"Tiffany Cross on the midterms: ""The American people certainly fell for @realDonaldTrump once. I don't know that tha‚Ä¶ https://t.co/m63yggDXKO",0.34,0.124,0.876,0.0,
397,Fox News,"Earlier, President @realDonaldTrump touted the economy while saying the country has ""tremendous future potential."" https://t.co/EhrZImC9uC",-0.0516,0.0,0.921,0.079,
398,Fox News,Left wing fumes at Dem leaders over Kavanaugh: 'You are failing us' https://t.co/gQxJ2wzhQu,-0.5267,0.0,0.714,0.286,
399,Fox News,.@SebGorka: ‚Äú[Barack Obama‚Äôs] whole 8 year presidency was an embarrassment when it comes to everything from the eco‚Ä¶ https://t.co/s1Lhd5Vym4,-0.4404,0.0,0.854,0.146,
